ISO-10303-21;
HEADER;
/* Generated by software containing ST-Developer
 * from STEP Tools, Inc. (www.steptools.com) 
 */

FILE_DESCRIPTION(
/* description */ (''),
/* implementation_level */ '2;1');

FILE_NAME(
/* name */ 'Clock case.step',
/* time_stamp */ '2026-06-13T06:20:44+05:30',
/* author */ (''),
/* organization */ (''),
/* preprocessor_version */ 'ST-DEVELOPER v20.1',
/* originating_system */ 'Autodesk Translation Framework v15.8.0.0',
/* authorisation */ '');

FILE_SCHEMA (('AUTOMOTIVE_DESIGN { 1 0 10303 214 3 1 1 }'));
ENDSEC;

DATA;
#10=MECHANICAL_DESIGN_GEOMETRIC_PRESENTATION_REPRESENTATION('',(#49,#50,
#51,#52,#53,#54,#55,#56,#57,#58,#59,#60),#5540);
#11=ITEM_DEFINED_TRANSFORMATION($,$,#3204,#3457);
#12=ITEM_DEFINED_TRANSFORMATION($,$,#3278,#3458);
#13=ITEM_DEFINED_TRANSFORMATION($,$,#3318,#3459);
#14=ITEM_DEFINED_TRANSFORMATION($,$,#3392,#3460);
#15=ITEM_DEFINED_TRANSFORMATION($,$,#3432,#3461);
#16=(
REPRESENTATION_RELATIONSHIP($,$,#5563,#5562)
REPRESENTATION_RELATIONSHIP_WITH_TRANSFORMATION(#11)
SHAPE_REPRESENTATION_RELATIONSHIP()
);
#17=(
REPRESENTATION_RELATIONSHIP($,$,#5564,#5562)
REPRESENTATION_RELATIONSHIP_WITH_TRANSFORMATION(#12)
SHAPE_REPRESENTATION_RELATIONSHIP()
);
#18=(
REPRESENTATION_RELATIONSHIP($,$,#5565,#5562)
REPRESENTATION_RELATIONSHIP_WITH_TRANSFORMATION(#13)
SHAPE_REPRESENTATION_RELATIONSHIP()
);
#19=(
REPRESENTATION_RELATIONSHIP($,$,#5566,#5562)
REPRESENTATION_RELATIONSHIP_WITH_TRANSFORMATION(#14)
SHAPE_REPRESENTATION_RELATIONSHIP()
);
#20=(
REPRESENTATION_RELATIONSHIP($,$,#5567,#5562)
REPRESENTATION_RELATIONSHIP_WITH_TRANSFORMATION(#15)
SHAPE_REPRESENTATION_RELATIONSHIP()
);
#21=CONTEXT_DEPENDENT_SHAPE_REPRESENTATION(#16,#5557);
#22=CONTEXT_DEPENDENT_SHAPE_REPRESENTATION(#17,#5558);
#23=CONTEXT_DEPENDENT_SHAPE_REPRESENTATION(#18,#5559);
#24=CONTEXT_DEPENDENT_SHAPE_REPRESENTATION(#19,#5560);
#25=CONTEXT_DEPENDENT_SHAPE_REPRESENTATION(#20,#5561);
#26=NEXT_ASSEMBLY_USAGE_OCCURRENCE('Component1:1','Component1:1',
'Component1:1',#5569,#5570,'Component1:1');
#27=NEXT_ASSEMBLY_USAGE_OCCURRENCE('Component2:1','Component2:1',
'Component2:1',#5569,#5571,'Component2:1');
#28=NEXT_ASSEMBLY_USAGE_OCCURRENCE('Component1(Mirror):1',
'Component1(Mirror):1','Component1(Mirror):1',#5569,#5572,
'Component1(Mirror):1');
#29=NEXT_ASSEMBLY_USAGE_OCCURRENCE('Component2(Mirror):1',
'Component2(Mirror):1','Component2(Mirror):1',#5569,#5573,
'Component2(Mirror):1');
#30=NEXT_ASSEMBLY_USAGE_OCCURRENCE('Clock Case:1','Clock Case:1',
'Clock Case:1',#5569,#5574,'Clock Case:1');
#31=SHAPE_REPRESENTATION_RELATIONSHIP('SRR','None',#5563,#36);
#32=SHAPE_REPRESENTATION_RELATIONSHIP('SRR','None',#5564,#37);
#33=SHAPE_REPRESENTATION_RELATIONSHIP('SRR','None',#5565,#38);
#34=SHAPE_REPRESENTATION_RELATIONSHIP('SRR','None',#5566,#39);
#35=SHAPE_REPRESENTATION_RELATIONSHIP('SRR','None',#5567,#40);
#36=ADVANCED_BREP_SHAPE_REPRESENTATION('',(#61,#62),#5535);
#37=ADVANCED_BREP_SHAPE_REPRESENTATION('',(#63,#64),#5536);
#38=ADVANCED_BREP_SHAPE_REPRESENTATION('',(#65,#66),#5537);
#39=ADVANCED_BREP_SHAPE_REPRESENTATION('',(#67,#68),#5538);
#40=ADVANCED_BREP_SHAPE_REPRESENTATION('',(#69,#70,#71,#72),#5539);
#41=CONICAL_SURFACE('',#3267,2.,0.244346095279206);
#42=CONICAL_SURFACE('',#3307,2.3881182905104,0.244346095279206);
#43=CONICAL_SURFACE('',#3381,2.,0.244346095279206);
#44=CONICAL_SURFACE('',#3421,2.3881182905104,0.244346095279206);
#45=(
BOUNDED_SURFACE()
B_SPLINE_SURFACE(2,2,((#4796,#4797,#4798,#4799,#4800,#4801,#4802,#4803,
#4804),(#4805,#4806,#4807,#4808,#4809,#4810,#4811,#4812,#4813),(#4814,#4815,
#4816,#4817,#4818,#4819,#4820,#4821,#4822)),.UNSPECIFIED.,.F.,.T.,.F.)
B_SPLINE_SURFACE_WITH_KNOTS((3,3),(3,2,2,2,3),(-1.5707963267949,-0.24434609527919),
(-3.14159265358979,-1.5707963267949,0.,1.5707963267949,3.14159265358979),
 .UNSPECIFIED.)
GEOMETRIC_REPRESENTATION_ITEM()
RATIONAL_B_SPLINE_SURFACE(((1.,0.707106781186548,1.,0.707106781186548,1.,
0.707106781186548,1.,0.707106781186548,1.),(0.788010753606728,0.557207747523239,
0.788010753606728,0.557207747523239,0.788010753606728,0.557207747523239,
0.788010753606728,0.557207747523239,0.788010753606728),(1.,0.707106781186548,
1.,0.707106781186548,1.,0.707106781186548,1.,0.707106781186548,1.)))
REPRESENTATION_ITEM('')
SURFACE()
);
#46=(
BOUNDED_SURFACE()
B_SPLINE_SURFACE(2,2,((#4927,#4928,#4929,#4930,#4931,#4932,#4933,#4934,
#4935),(#4936,#4937,#4938,#4939,#4940,#4941,#4942,#4943,#4944),(#4945,#4946,
#4947,#4948,#4949,#4950,#4951,#4952,#4953)),.UNSPECIFIED.,.F.,.T.,.F.)
B_SPLINE_SURFACE_WITH_KNOTS((3,3),(3,2,2,2,3),(-1.5707963267949,-0.244346095279206),
(-3.14159265358979,-1.5707963267949,0.,1.5707963267949,3.14159265358979),
 .UNSPECIFIED.)
GEOMETRIC_REPRESENTATION_ITEM()
RATIONAL_B_SPLINE_SURFACE(((1.,0.707106781186548,1.,0.707106781186548,1.,
0.707106781186548,1.,0.707106781186548,1.),(0.788010753606733,0.557207747523243,
0.788010753606733,0.557207747523243,0.788010753606733,0.557207747523243,
0.788010753606733,0.557207747523243,0.788010753606733),(1.,0.707106781186548,
1.,0.707106781186548,1.,0.707106781186548,1.,0.707106781186548,1.)))
REPRESENTATION_ITEM('')
SURFACE()
);
#47=(
BOUNDED_SURFACE()
B_SPLINE_SURFACE(2,2,((#5221,#5222,#5223,#5224,#5225,#5226,#5227,#5228,
#5229),(#5230,#5231,#5232,#5233,#5234,#5235,#5236,#5237,#5238),(#5239,#5240,
#5241,#5242,#5243,#5244,#5245,#5246,#5247)),.UNSPECIFIED.,.F.,.T.,.F.)
B_SPLINE_SURFACE_WITH_KNOTS((3,3),(3,2,2,2,3),(-1.5707963267949,-0.24434609527919),
(-3.14159265358979,-1.5707963267949,0.,1.5707963267949,3.14159265358979),
 .UNSPECIFIED.)
GEOMETRIC_REPRESENTATION_ITEM()
RATIONAL_B_SPLINE_SURFACE(((1.,0.707106781186548,1.,0.707106781186548,1.,
0.707106781186548,1.,0.707106781186548,1.),(0.788010753606728,0.557207747523239,
0.788010753606728,0.557207747523239,0.788010753606728,0.557207747523239,
0.788010753606728,0.557207747523239,0.788010753606728),(1.,0.707106781186548,
1.,0.707106781186548,1.,0.707106781186548,1.,0.707106781186548,1.)))
REPRESENTATION_ITEM('')
SURFACE()
);
#48=(
BOUNDED_SURFACE()
B_SPLINE_SURFACE(2,2,((#5352,#5353,#5354,#5355,#5356,#5357,#5358,#5359,
#5360),(#5361,#5362,#5363,#5364,#5365,#5366,#5367,#5368,#5369),(#5370,#5371,
#5372,#5373,#5374,#5375,#5376,#5377,#5378)),.UNSPECIFIED.,.F.,.T.,.F.)
B_SPLINE_SURFACE_WITH_KNOTS((3,3),(3,2,2,2,3),(-1.5707963267949,-0.244346095279206),
(-3.14159265358979,-1.5707963267949,0.,1.5707963267949,3.14159265358979),
 .UNSPECIFIED.)
GEOMETRIC_REPRESENTATION_ITEM()
RATIONAL_B_SPLINE_SURFACE(((1.,0.707106781186548,1.,0.707106781186548,1.,
0.707106781186548,1.,0.707106781186548,1.),(0.788010753606733,0.557207747523243,
0.788010753606733,0.557207747523243,0.788010753606733,0.557207747523243,
0.788010753606733,0.557207747523243,0.788010753606733),(1.,0.707106781186548,
1.,0.707106781186548,1.,0.707106781186548,1.,0.707106781186548,1.)))
REPRESENTATION_ITEM('')
SURFACE()
);
#49=STYLED_ITEM('',(#5596),#61);
#50=STYLED_ITEM('',(#5596),#62);
#51=STYLED_ITEM('',(#5596),#63);
#52=STYLED_ITEM('',(#5596),#64);
#53=STYLED_ITEM('',(#5596),#65);
#54=STYLED_ITEM('',(#5596),#66);
#55=STYLED_ITEM('',(#5596),#67);
#56=STYLED_ITEM('',(#5596),#68);
#57=STYLED_ITEM('',(#5596),#69);
#58=STYLED_ITEM('',(#5596),#70);
#59=STYLED_ITEM('',(#5596),#71);
#60=STYLED_ITEM('',(#5596),#72);
#61=MANIFOLD_SOLID_BREP('Body1',#3135);
#62=MANIFOLD_SOLID_BREP('Body2',#3136);
#63=MANIFOLD_SOLID_BREP('Body1',#3137);
#64=MANIFOLD_SOLID_BREP('Body2',#3138);
#65=MANIFOLD_SOLID_BREP('Body1',#3139);
#66=MANIFOLD_SOLID_BREP('Body2',#3140);
#67=MANIFOLD_SOLID_BREP('Body1',#3141);
#68=MANIFOLD_SOLID_BREP('Body2',#3142);
#69=MANIFOLD_SOLID_BREP('Body1',#3143);
#70=MANIFOLD_SOLID_BREP('Body2',#3144);
#71=MANIFOLD_SOLID_BREP('Body3',#3145);
#72=MANIFOLD_SOLID_BREP('Body4',#3146);
#73=CIRCLE('',#3211,2.5);
#74=CIRCLE('',#3212,2.5);
#75=CIRCLE('',#3214,2.5);
#76=CIRCLE('',#3215,2.5);
#77=CIRCLE('',#3218,2.5);
#78=CIRCLE('',#3219,2.5);
#79=CIRCLE('',#3221,2.5);
#80=CIRCLE('',#3222,2.5);
#81=CIRCLE('',#3225,2.5);
#82=CIRCLE('',#3226,2.5);
#83=CIRCLE('',#3228,2.5);
#84=CIRCLE('',#3229,2.5);
#85=CIRCLE('',#3263,1.2415636889652);
#86=CIRCLE('',#3264,1.);
#87=CIRCLE('',#3265,0.271267962689198);
#88=CIRCLE('',#3266,1.2415636889652);
#89=CIRCLE('',#3268,2.);
#90=CIRCLE('',#3271,4.);
#91=CIRCLE('',#3272,4.);
#92=CIRCLE('',#3280,2.5);
#93=CIRCLE('',#3281,2.5);
#94=CIRCLE('',#3283,2.5);
#95=CIRCLE('',#3284,2.5);
#96=CIRCLE('',#3286,2.5);
#97=CIRCLE('',#3287,2.5);
#98=CIRCLE('',#3290,2.5);
#99=CIRCLE('',#3291,2.5);
#100=CIRCLE('',#3294,2.5);
#101=CIRCLE('',#3295,2.5);
#102=CIRCLE('',#3303,0.271267962689198);
#103=CIRCLE('',#3304,1.4);
#104=CIRCLE('',#3305,1.6296819794756);
#105=CIRCLE('',#3306,1.6296819794756);
#106=CIRCLE('',#3308,2.26264865003406);
#107=CIRCLE('',#3312,4.);
#108=CIRCLE('',#3313,4.);
#109=CIRCLE('',#3320,2.5);
#110=CIRCLE('',#3321,2.5);
#111=CIRCLE('',#3323,2.5);
#112=CIRCLE('',#3324,2.5);
#113=CIRCLE('',#3327,2.5);
#114=CIRCLE('',#3328,2.5);
#115=CIRCLE('',#3330,2.5);
#116=CIRCLE('',#3331,2.5);
#117=CIRCLE('',#3334,2.5);
#118=CIRCLE('',#3335,2.5);
#119=CIRCLE('',#3337,2.5);
#120=CIRCLE('',#3338,2.5);
#121=CIRCLE('',#3377,1.2415636889652);
#122=CIRCLE('',#3378,1.2415636889652);
#123=CIRCLE('',#3379,1.);
#124=CIRCLE('',#3380,0.271267962689198);
#125=CIRCLE('',#3382,2.);
#126=CIRCLE('',#3385,4.);
#127=CIRCLE('',#3386,4.);
#128=CIRCLE('',#3394,2.5);
#129=CIRCLE('',#3395,2.5);
#130=CIRCLE('',#3397,2.5);
#131=CIRCLE('',#3398,2.5);
#132=CIRCLE('',#3400,2.5);
#133=CIRCLE('',#3401,2.5);
#134=CIRCLE('',#3404,2.5);
#135=CIRCLE('',#3405,2.5);
#136=CIRCLE('',#3408,2.5);
#137=CIRCLE('',#3409,2.5);
#138=CIRCLE('',#3417,0.271267962689198);
#139=CIRCLE('',#3418,1.4);
#140=CIRCLE('',#3419,1.6296819794756);
#141=CIRCLE('',#3420,1.6296819794756);
#142=CIRCLE('',#3422,2.26264865003406);
#143=CIRCLE('',#3426,4.);
#144=CIRCLE('',#3427,4.);
#145=CYLINDRICAL_SURFACE('',#3210,2.5);
#146=CYLINDRICAL_SURFACE('',#3213,2.5);
#147=CYLINDRICAL_SURFACE('',#3217,2.5);
#148=CYLINDRICAL_SURFACE('',#3220,2.5);
#149=CYLINDRICAL_SURFACE('',#3224,2.5);
#150=CYLINDRICAL_SURFACE('',#3227,2.5);
#151=CYLINDRICAL_SURFACE('',#3270,4.);
#152=CYLINDRICAL_SURFACE('',#3279,2.5);
#153=CYLINDRICAL_SURFACE('',#3282,2.5);
#154=CYLINDRICAL_SURFACE('',#3285,2.5);
#155=CYLINDRICAL_SURFACE('',#3289,2.5);
#156=CYLINDRICAL_SURFACE('',#3293,2.5);
#157=CYLINDRICAL_SURFACE('',#3311,4.);
#158=CYLINDRICAL_SURFACE('',#3319,2.5);
#159=CYLINDRICAL_SURFACE('',#3322,2.5);
#160=CYLINDRICAL_SURFACE('',#3326,2.5);
#161=CYLINDRICAL_SURFACE('',#3329,2.5);
#162=CYLINDRICAL_SURFACE('',#3333,2.5);
#163=CYLINDRICAL_SURFACE('',#3336,2.5);
#164=CYLINDRICAL_SURFACE('',#3384,4.);
#165=CYLINDRICAL_SURFACE('',#3393,2.5);
#166=CYLINDRICAL_SURFACE('',#3396,2.5);
#167=CYLINDRICAL_SURFACE('',#3399,2.5);
#168=CYLINDRICAL_SURFACE('',#3403,2.5);
#169=CYLINDRICAL_SURFACE('',#3407,2.5);
#170=CYLINDRICAL_SURFACE('',#3425,4.);
#171=FACE_BOUND('',#522,.T.);
#172=FACE_BOUND('',#523,.T.);
#173=FACE_BOUND('',#524,.T.);
#174=FACE_BOUND('',#525,.T.);
#175=FACE_BOUND('',#566,.T.);
#176=FACE_BOUND('',#580,.T.);
#177=FACE_BOUND('',#604,.T.);
#178=FACE_BOUND('',#642,.T.);
#179=FACE_BOUND('',#645,.T.);
#180=FACE_BOUND('',#646,.T.);
#181=FACE_BOUND('',#647,.T.);
#182=FACE_BOUND('',#648,.T.);
#183=FACE_BOUND('',#655,.T.);
#184=FACE_BOUND('',#666,.T.);
#185=FACE_BOUND('',#690,.T.);
#186=PLANE('',#3205);
#187=PLANE('',#3206);
#188=PLANE('',#3207);
#189=PLANE('',#3208);
#190=PLANE('',#3209);
#191=PLANE('',#3216);
#192=PLANE('',#3223);
#193=PLANE('',#3230);
#194=PLANE('',#3231);
#195=PLANE('',#3232);
#196=PLANE('',#3233);
#197=PLANE('',#3234);
#198=PLANE('',#3235);
#199=PLANE('',#3236);
#200=PLANE('',#3237);
#201=PLANE('',#3238);
#202=PLANE('',#3239);
#203=PLANE('',#3240);
#204=PLANE('',#3241);
#205=PLANE('',#3242);
#206=PLANE('',#3243);
#207=PLANE('',#3244);
#208=PLANE('',#3245);
#209=PLANE('',#3246);
#210=PLANE('',#3247);
#211=PLANE('',#3248);
#212=PLANE('',#3249);
#213=PLANE('',#3250);
#214=PLANE('',#3251);
#215=PLANE('',#3252);
#216=PLANE('',#3253);
#217=PLANE('',#3254);
#218=PLANE('',#3255);
#219=PLANE('',#3256);
#220=PLANE('',#3257);
#221=PLANE('',#3258);
#222=PLANE('',#3259);
#223=PLANE('',#3260);
#224=PLANE('',#3261);
#225=PLANE('',#3262);
#226=PLANE('',#3269);
#227=PLANE('',#3273);
#228=PLANE('',#3274);
#229=PLANE('',#3275);
#230=PLANE('',#3276);
#231=PLANE('',#3277);
#232=PLANE('',#3288);
#233=PLANE('',#3292);
#234=PLANE('',#3296);
#235=PLANE('',#3297);
#236=PLANE('',#3298);
#237=PLANE('',#3299);
#238=PLANE('',#3300);
#239=PLANE('',#3301);
#240=PLANE('',#3302);
#241=PLANE('',#3309);
#242=PLANE('',#3310);
#243=PLANE('',#3314);
#244=PLANE('',#3315);
#245=PLANE('',#3316);
#246=PLANE('',#3317);
#247=PLANE('',#3325);
#248=PLANE('',#3332);
#249=PLANE('',#3339);
#250=PLANE('',#3340);
#251=PLANE('',#3341);
#252=PLANE('',#3342);
#253=PLANE('',#3343);
#254=PLANE('',#3344);
#255=PLANE('',#3345);
#256=PLANE('',#3346);
#257=PLANE('',#3347);
#258=PLANE('',#3348);
#259=PLANE('',#3349);
#260=PLANE('',#3350);
#261=PLANE('',#3351);
#262=PLANE('',#3352);
#263=PLANE('',#3353);
#264=PLANE('',#3354);
#265=PLANE('',#3355);
#266=PLANE('',#3356);
#267=PLANE('',#3357);
#268=PLANE('',#3358);
#269=PLANE('',#3359);
#270=PLANE('',#3360);
#271=PLANE('',#3361);
#272=PLANE('',#3362);
#273=PLANE('',#3363);
#274=PLANE('',#3364);
#275=PLANE('',#3365);
#276=PLANE('',#3366);
#277=PLANE('',#3367);
#278=PLANE('',#3368);
#279=PLANE('',#3369);
#280=PLANE('',#3370);
#281=PLANE('',#3371);
#282=PLANE('',#3372);
#283=PLANE('',#3373);
#284=PLANE('',#3374);
#285=PLANE('',#3375);
#286=PLANE('',#3376);
#287=PLANE('',#3383);
#288=PLANE('',#3387);
#289=PLANE('',#3388);
#290=PLANE('',#3389);
#291=PLANE('',#3390);
#292=PLANE('',#3391);
#293=PLANE('',#3402);
#294=PLANE('',#3406);
#295=PLANE('',#3410);
#296=PLANE('',#3411);
#297=PLANE('',#3412);
#298=PLANE('',#3413);
#299=PLANE('',#3414);
#300=PLANE('',#3415);
#301=PLANE('',#3416);
#302=PLANE('',#3423);
#303=PLANE('',#3424);
#304=PLANE('',#3428);
#305=PLANE('',#3429);
#306=PLANE('',#3430);
#307=PLANE('',#3431);
#308=PLANE('',#3433);
#309=PLANE('',#3434);
#310=PLANE('',#3435);
#311=PLANE('',#3436);
#312=PLANE('',#3437);
#313=PLANE('',#3438);
#314=PLANE('',#3439);
#315=PLANE('',#3440);
#316=PLANE('',#3441);
#317=PLANE('',#3442);
#318=PLANE('',#3443);
#319=PLANE('',#3444);
#320=PLANE('',#3445);
#321=PLANE('',#3446);
#322=PLANE('',#3447);
#323=PLANE('',#3448);
#324=PLANE('',#3449);
#325=PLANE('',#3450);
#326=PLANE('',#3451);
#327=PLANE('',#3452);
#328=PLANE('',#3453);
#329=PLANE('',#3454);
#330=PLANE('',#3455);
#331=PLANE('',#3456);
#332=FACE_OUTER_BOUND('',#516,.T.);
#333=FACE_OUTER_BOUND('',#517,.T.);
#334=FACE_OUTER_BOUND('',#518,.T.);
#335=FACE_OUTER_BOUND('',#519,.T.);
#336=FACE_OUTER_BOUND('',#520,.T.);
#337=FACE_OUTER_BOUND('',#521,.T.);
#338=FACE_OUTER_BOUND('',#526,.T.);
#339=FACE_OUTER_BOUND('',#527,.T.);
#340=FACE_OUTER_BOUND('',#528,.T.);
#341=FACE_OUTER_BOUND('',#529,.T.);
#342=FACE_OUTER_BOUND('',#530,.T.);
#343=FACE_OUTER_BOUND('',#531,.T.);
#344=FACE_OUTER_BOUND('',#532,.T.);
#345=FACE_OUTER_BOUND('',#533,.T.);
#346=FACE_OUTER_BOUND('',#534,.T.);
#347=FACE_OUTER_BOUND('',#535,.T.);
#348=FACE_OUTER_BOUND('',#536,.T.);
#349=FACE_OUTER_BOUND('',#537,.T.);
#350=FACE_OUTER_BOUND('',#538,.T.);
#351=FACE_OUTER_BOUND('',#539,.T.);
#352=FACE_OUTER_BOUND('',#540,.T.);
#353=FACE_OUTER_BOUND('',#541,.T.);
#354=FACE_OUTER_BOUND('',#542,.T.);
#355=FACE_OUTER_BOUND('',#543,.T.);
#356=FACE_OUTER_BOUND('',#544,.T.);
#357=FACE_OUTER_BOUND('',#545,.T.);
#358=FACE_OUTER_BOUND('',#546,.T.);
#359=FACE_OUTER_BOUND('',#547,.T.);
#360=FACE_OUTER_BOUND('',#548,.T.);
#361=FACE_OUTER_BOUND('',#549,.T.);
#362=FACE_OUTER_BOUND('',#550,.T.);
#363=FACE_OUTER_BOUND('',#551,.T.);
#364=FACE_OUTER_BOUND('',#552,.T.);
#365=FACE_OUTER_BOUND('',#553,.T.);
#366=FACE_OUTER_BOUND('',#554,.T.);
#367=FACE_OUTER_BOUND('',#555,.T.);
#368=FACE_OUTER_BOUND('',#556,.T.);
#369=FACE_OUTER_BOUND('',#557,.T.);
#370=FACE_OUTER_BOUND('',#558,.T.);
#371=FACE_OUTER_BOUND('',#559,.T.);
#372=FACE_OUTER_BOUND('',#560,.T.);
#373=FACE_OUTER_BOUND('',#561,.T.);
#374=FACE_OUTER_BOUND('',#562,.T.);
#375=FACE_OUTER_BOUND('',#563,.T.);
#376=FACE_OUTER_BOUND('',#564,.T.);
#377=FACE_OUTER_BOUND('',#565,.T.);
#378=FACE_OUTER_BOUND('',#567,.T.);
#379=FACE_OUTER_BOUND('',#568,.T.);
#380=FACE_OUTER_BOUND('',#569,.T.);
#381=FACE_OUTER_BOUND('',#570,.T.);
#382=FACE_OUTER_BOUND('',#571,.T.);
#383=FACE_OUTER_BOUND('',#572,.T.);
#384=FACE_OUTER_BOUND('',#573,.T.);
#385=FACE_OUTER_BOUND('',#574,.T.);
#386=FACE_OUTER_BOUND('',#575,.T.);
#387=FACE_OUTER_BOUND('',#576,.T.);
#388=FACE_OUTER_BOUND('',#577,.T.);
#389=FACE_OUTER_BOUND('',#578,.T.);
#390=FACE_OUTER_BOUND('',#579,.T.);
#391=FACE_OUTER_BOUND('',#581,.T.);
#392=FACE_OUTER_BOUND('',#582,.T.);
#393=FACE_OUTER_BOUND('',#583,.T.);
#394=FACE_OUTER_BOUND('',#584,.T.);
#395=FACE_OUTER_BOUND('',#585,.T.);
#396=FACE_OUTER_BOUND('',#586,.T.);
#397=FACE_OUTER_BOUND('',#587,.T.);
#398=FACE_OUTER_BOUND('',#588,.T.);
#399=FACE_OUTER_BOUND('',#589,.T.);
#400=FACE_OUTER_BOUND('',#590,.T.);
#401=FACE_OUTER_BOUND('',#591,.T.);
#402=FACE_OUTER_BOUND('',#592,.T.);
#403=FACE_OUTER_BOUND('',#593,.T.);
#404=FACE_OUTER_BOUND('',#594,.T.);
#405=FACE_OUTER_BOUND('',#595,.T.);
#406=FACE_OUTER_BOUND('',#596,.T.);
#407=FACE_OUTER_BOUND('',#597,.T.);
#408=FACE_OUTER_BOUND('',#598,.T.);
#409=FACE_OUTER_BOUND('',#599,.T.);
#410=FACE_OUTER_BOUND('',#600,.T.);
#411=FACE_OUTER_BOUND('',#601,.T.);
#412=FACE_OUTER_BOUND('',#602,.T.);
#413=FACE_OUTER_BOUND('',#603,.T.);
#414=FACE_OUTER_BOUND('',#605,.T.);
#415=FACE_OUTER_BOUND('',#606,.T.);
#416=FACE_OUTER_BOUND('',#607,.T.);
#417=FACE_OUTER_BOUND('',#608,.T.);
#418=FACE_OUTER_BOUND('',#609,.T.);
#419=FACE_OUTER_BOUND('',#610,.T.);
#420=FACE_OUTER_BOUND('',#611,.T.);
#421=FACE_OUTER_BOUND('',#612,.T.);
#422=FACE_OUTER_BOUND('',#613,.T.);
#423=FACE_OUTER_BOUND('',#614,.T.);
#424=FACE_OUTER_BOUND('',#615,.T.);
#425=FACE_OUTER_BOUND('',#616,.T.);
#426=FACE_OUTER_BOUND('',#617,.T.);
#427=FACE_OUTER_BOUND('',#618,.T.);
#428=FACE_OUTER_BOUND('',#619,.T.);
#429=FACE_OUTER_BOUND('',#620,.T.);
#430=FACE_OUTER_BOUND('',#621,.T.);
#431=FACE_OUTER_BOUND('',#622,.T.);
#432=FACE_OUTER_BOUND('',#623,.T.);
#433=FACE_OUTER_BOUND('',#624,.T.);
#434=FACE_OUTER_BOUND('',#625,.T.);
#435=FACE_OUTER_BOUND('',#626,.T.);
#436=FACE_OUTER_BOUND('',#627,.T.);
#437=FACE_OUTER_BOUND('',#628,.T.);
#438=FACE_OUTER_BOUND('',#629,.T.);
#439=FACE_OUTER_BOUND('',#630,.T.);
#440=FACE_OUTER_BOUND('',#631,.T.);
#441=FACE_OUTER_BOUND('',#632,.T.);
#442=FACE_OUTER_BOUND('',#633,.T.);
#443=FACE_OUTER_BOUND('',#634,.T.);
#444=FACE_OUTER_BOUND('',#635,.T.);
#445=FACE_OUTER_BOUND('',#636,.T.);
#446=FACE_OUTER_BOUND('',#637,.T.);
#447=FACE_OUTER_BOUND('',#638,.T.);
#448=FACE_OUTER_BOUND('',#639,.T.);
#449=FACE_OUTER_BOUND('',#640,.T.);
#450=FACE_OUTER_BOUND('',#641,.T.);
#451=FACE_OUTER_BOUND('',#643,.T.);
#452=FACE_OUTER_BOUND('',#644,.T.);
#453=FACE_OUTER_BOUND('',#649,.T.);
#454=FACE_OUTER_BOUND('',#650,.T.);
#455=FACE_OUTER_BOUND('',#651,.T.);
#456=FACE_OUTER_BOUND('',#652,.T.);
#457=FACE_OUTER_BOUND('',#653,.T.);
#458=FACE_OUTER_BOUND('',#654,.T.);
#459=FACE_OUTER_BOUND('',#656,.T.);
#460=FACE_OUTER_BOUND('',#657,.T.);
#461=FACE_OUTER_BOUND('',#658,.T.);
#462=FACE_OUTER_BOUND('',#659,.T.);
#463=FACE_OUTER_BOUND('',#660,.T.);
#464=FACE_OUTER_BOUND('',#661,.T.);
#465=FACE_OUTER_BOUND('',#662,.T.);
#466=FACE_OUTER_BOUND('',#663,.T.);
#467=FACE_OUTER_BOUND('',#664,.T.);
#468=FACE_OUTER_BOUND('',#665,.T.);
#469=FACE_OUTER_BOUND('',#667,.T.);
#470=FACE_OUTER_BOUND('',#668,.T.);
#471=FACE_OUTER_BOUND('',#669,.T.);
#472=FACE_OUTER_BOUND('',#670,.T.);
#473=FACE_OUTER_BOUND('',#671,.T.);
#474=FACE_OUTER_BOUND('',#672,.T.);
#475=FACE_OUTER_BOUND('',#673,.T.);
#476=FACE_OUTER_BOUND('',#674,.T.);
#477=FACE_OUTER_BOUND('',#675,.T.);
#478=FACE_OUTER_BOUND('',#676,.T.);
#479=FACE_OUTER_BOUND('',#677,.T.);
#480=FACE_OUTER_BOUND('',#678,.T.);
#481=FACE_OUTER_BOUND('',#679,.T.);
#482=FACE_OUTER_BOUND('',#680,.T.);
#483=FACE_OUTER_BOUND('',#681,.T.);
#484=FACE_OUTER_BOUND('',#682,.T.);
#485=FACE_OUTER_BOUND('',#683,.T.);
#486=FACE_OUTER_BOUND('',#684,.T.);
#487=FACE_OUTER_BOUND('',#685,.T.);
#488=FACE_OUTER_BOUND('',#686,.T.);
#489=FACE_OUTER_BOUND('',#687,.T.);
#490=FACE_OUTER_BOUND('',#688,.T.);
#491=FACE_OUTER_BOUND('',#689,.T.);
#492=FACE_OUTER_BOUND('',#691,.T.);
#493=FACE_OUTER_BOUND('',#692,.T.);
#494=FACE_OUTER_BOUND('',#693,.T.);
#495=FACE_OUTER_BOUND('',#694,.T.);
#496=FACE_OUTER_BOUND('',#695,.T.);
#497=FACE_OUTER_BOUND('',#696,.T.);
#498=FACE_OUTER_BOUND('',#697,.T.);
#499=FACE_OUTER_BOUND('',#698,.T.);
#500=FACE_OUTER_BOUND('',#699,.T.);
#501=FACE_OUTER_BOUND('',#700,.T.);
#502=FACE_OUTER_BOUND('',#701,.T.);
#503=FACE_OUTER_BOUND('',#702,.T.);
#504=FACE_OUTER_BOUND('',#703,.T.);
#505=FACE_OUTER_BOUND('',#704,.T.);
#506=FACE_OUTER_BOUND('',#705,.T.);
#507=FACE_OUTER_BOUND('',#706,.T.);
#508=FACE_OUTER_BOUND('',#707,.T.);
#509=FACE_OUTER_BOUND('',#708,.T.);
#510=FACE_OUTER_BOUND('',#709,.T.);
#511=FACE_OUTER_BOUND('',#710,.T.);
#512=FACE_OUTER_BOUND('',#711,.T.);
#513=FACE_OUTER_BOUND('',#712,.T.);
#514=FACE_OUTER_BOUND('',#713,.T.);
#515=FACE_OUTER_BOUND('',#714,.T.);
#516=EDGE_LOOP('',(#2097,#2098,#2099,#2100));
#517=EDGE_LOOP('',(#2101,#2102,#2103,#2104));
#518=EDGE_LOOP('',(#2105,#2106,#2107,#2108));
#519=EDGE_LOOP('',(#2109,#2110,#2111,#2112,#2113,#2114,#2115,#2116));
#520=EDGE_LOOP('',(#2117,#2118,#2119,#2120,#2121));
#521=EDGE_LOOP('',(#2122,#2123,#2124,#2125));
#522=EDGE_LOOP('',(#2126,#2127,#2128,#2129));
#523=EDGE_LOOP('',(#2130,#2131,#2132,#2133));
#524=EDGE_LOOP('',(#2134,#2135,#2136,#2137));
#525=EDGE_LOOP('',(#2138,#2139,#2140,#2141));
#526=EDGE_LOOP('',(#2142,#2143,#2144,#2145,#2146,#2147,#2148,#2149,#2150,
#2151,#2152));
#527=EDGE_LOOP('',(#2153,#2154,#2155,#2156,#2157));
#528=EDGE_LOOP('',(#2158,#2159,#2160,#2161));
#529=EDGE_LOOP('',(#2162,#2163,#2164,#2165));
#530=EDGE_LOOP('',(#2166,#2167,#2168,#2169));
#531=EDGE_LOOP('',(#2170,#2171));
#532=EDGE_LOOP('',(#2172,#2173,#2174,#2175));
#533=EDGE_LOOP('',(#2176,#2177,#2178,#2179));
#534=EDGE_LOOP('',(#2180,#2181));
#535=EDGE_LOOP('',(#2182,#2183,#2184,#2185));
#536=EDGE_LOOP('',(#2186,#2187,#2188,#2189));
#537=EDGE_LOOP('',(#2190,#2191));
#538=EDGE_LOOP('',(#2192,#2193,#2194,#2195,#2196,#2197));
#539=EDGE_LOOP('',(#2198,#2199,#2200,#2201,#2202,#2203,#2204,#2205));
#540=EDGE_LOOP('',(#2206,#2207,#2208,#2209,#2210,#2211));
#541=EDGE_LOOP('',(#2212,#2213,#2214,#2215));
#542=EDGE_LOOP('',(#2216,#2217,#2218,#2219));
#543=EDGE_LOOP('',(#2220,#2221,#2222,#2223));
#544=EDGE_LOOP('',(#2224,#2225,#2226,#2227));
#545=EDGE_LOOP('',(#2228,#2229,#2230,#2231));
#546=EDGE_LOOP('',(#2232,#2233,#2234,#2235));
#547=EDGE_LOOP('',(#2236,#2237,#2238,#2239));
#548=EDGE_LOOP('',(#2240,#2241,#2242,#2243));
#549=EDGE_LOOP('',(#2244,#2245,#2246,#2247));
#550=EDGE_LOOP('',(#2248,#2249,#2250,#2251));
#551=EDGE_LOOP('',(#2252,#2253,#2254,#2255));
#552=EDGE_LOOP('',(#2256,#2257,#2258,#2259));
#553=EDGE_LOOP('',(#2260,#2261,#2262,#2263));
#554=EDGE_LOOP('',(#2264,#2265,#2266,#2267));
#555=EDGE_LOOP('',(#2268,#2269,#2270,#2271));
#556=EDGE_LOOP('',(#2272,#2273,#2274,#2275));
#557=EDGE_LOOP('',(#2276,#2277,#2278,#2279));
#558=EDGE_LOOP('',(#2280,#2281,#2282,#2283));
#559=EDGE_LOOP('',(#2284,#2285,#2286,#2287));
#560=EDGE_LOOP('',(#2288,#2289,#2290,#2291));
#561=EDGE_LOOP('',(#2292,#2293,#2294,#2295,#2296,#2297,#2298));
#562=EDGE_LOOP('',(#2299,#2300,#2301,#2302));
#563=EDGE_LOOP('',(#2303,#2304,#2305,#2306,#2307,#2308,#2309));
#564=EDGE_LOOP('',(#2310,#2311,#2312,#2313,#2314,#2315,#2316));
#565=EDGE_LOOP('',(#2317,#2318,#2319,#2320));
#566=EDGE_LOOP('',(#2321,#2322,#2323,#2324));
#567=EDGE_LOOP('',(#2325,#2326,#2327,#2328));
#568=EDGE_LOOP('',(#2329,#2330,#2331,#2332,#2333,#2334,#2335));
#569=EDGE_LOOP('',(#2336,#2337,#2338,#2339,#2340,#2341,#2342));
#570=EDGE_LOOP('',(#2343,#2344,#2345,#2346));
#571=EDGE_LOOP('',(#2347,#2348,#2349,#2350,#2351));
#572=EDGE_LOOP('',(#2352,#2353,#2354,#2355,#2356));
#573=EDGE_LOOP('',(#2357));
#574=EDGE_LOOP('',(#2358,#2359,#2360,#2361));
#575=EDGE_LOOP('',(#2362,#2363,#2364,#2365));
#576=EDGE_LOOP('',(#2366,#2367,#2368,#2369));
#577=EDGE_LOOP('',(#2370,#2371,#2372,#2373));
#578=EDGE_LOOP('',(#2374,#2375,#2376,#2377));
#579=EDGE_LOOP('',(#2378,#2379,#2380,#2381));
#580=EDGE_LOOP('',(#2382));
#581=EDGE_LOOP('',(#2383,#2384,#2385,#2386));
#582=EDGE_LOOP('',(#2387,#2388,#2389,#2390));
#583=EDGE_LOOP('',(#2391,#2392,#2393,#2394));
#584=EDGE_LOOP('',(#2395));
#585=EDGE_LOOP('',(#2396,#2397,#2398,#2399));
#586=EDGE_LOOP('',(#2400,#2401));
#587=EDGE_LOOP('',(#2402,#2403,#2404,#2405));
#588=EDGE_LOOP('',(#2406,#2407));
#589=EDGE_LOOP('',(#2408,#2409,#2410,#2411,#2412,#2413,#2414,#2415,#2416,
#2417,#2418,#2419));
#590=EDGE_LOOP('',(#2420,#2421,#2422,#2423));
#591=EDGE_LOOP('',(#2424,#2425,#2426,#2427,#2428,#2429,#2430));
#592=EDGE_LOOP('',(#2431,#2432,#2433,#2434,#2435,#2436,#2437));
#593=EDGE_LOOP('',(#2438,#2439,#2440,#2441,#2442,#2443,#2444));
#594=EDGE_LOOP('',(#2445,#2446,#2447,#2448));
#595=EDGE_LOOP('',(#2449,#2450,#2451,#2452,#2453));
#596=EDGE_LOOP('',(#2454,#2455,#2456,#2457,#2458));
#597=EDGE_LOOP('',(#2459));
#598=EDGE_LOOP('',(#2460,#2461,#2462,#2463));
#599=EDGE_LOOP('',(#2464,#2465,#2466,#2467));
#600=EDGE_LOOP('',(#2468,#2469,#2470,#2471));
#601=EDGE_LOOP('',(#2472,#2473,#2474,#2475));
#602=EDGE_LOOP('',(#2476,#2477,#2478,#2479));
#603=EDGE_LOOP('',(#2480,#2481,#2482,#2483));
#604=EDGE_LOOP('',(#2484));
#605=EDGE_LOOP('',(#2485,#2486,#2487,#2488));
#606=EDGE_LOOP('',(#2489,#2490,#2491,#2492));
#607=EDGE_LOOP('',(#2493,#2494));
#608=EDGE_LOOP('',(#2495,#2496,#2497,#2498));
#609=EDGE_LOOP('',(#2499,#2500,#2501,#2502));
#610=EDGE_LOOP('',(#2503,#2504));
#611=EDGE_LOOP('',(#2505,#2506,#2507,#2508));
#612=EDGE_LOOP('',(#2509,#2510,#2511,#2512));
#613=EDGE_LOOP('',(#2513,#2514));
#614=EDGE_LOOP('',(#2515,#2516,#2517,#2518,#2519,#2520));
#615=EDGE_LOOP('',(#2521,#2522,#2523,#2524,#2525,#2526,#2527,#2528));
#616=EDGE_LOOP('',(#2529,#2530,#2531,#2532,#2533,#2534));
#617=EDGE_LOOP('',(#2535,#2536,#2537,#2538));
#618=EDGE_LOOP('',(#2539,#2540,#2541,#2542));
#619=EDGE_LOOP('',(#2543,#2544,#2545,#2546));
#620=EDGE_LOOP('',(#2547,#2548,#2549,#2550));
#621=EDGE_LOOP('',(#2551,#2552,#2553,#2554));
#622=EDGE_LOOP('',(#2555,#2556,#2557,#2558));
#623=EDGE_LOOP('',(#2559,#2560,#2561,#2562));
#624=EDGE_LOOP('',(#2563,#2564,#2565,#2566));
#625=EDGE_LOOP('',(#2567,#2568,#2569,#2570));
#626=EDGE_LOOP('',(#2571,#2572,#2573,#2574));
#627=EDGE_LOOP('',(#2575,#2576,#2577,#2578));
#628=EDGE_LOOP('',(#2579,#2580,#2581,#2582));
#629=EDGE_LOOP('',(#2583,#2584,#2585,#2586));
#630=EDGE_LOOP('',(#2587,#2588,#2589,#2590));
#631=EDGE_LOOP('',(#2591,#2592,#2593,#2594));
#632=EDGE_LOOP('',(#2595,#2596,#2597,#2598));
#633=EDGE_LOOP('',(#2599,#2600,#2601,#2602));
#634=EDGE_LOOP('',(#2603,#2604,#2605,#2606));
#635=EDGE_LOOP('',(#2607,#2608,#2609,#2610));
#636=EDGE_LOOP('',(#2611,#2612,#2613,#2614));
#637=EDGE_LOOP('',(#2615,#2616,#2617,#2618,#2619,#2620,#2621));
#638=EDGE_LOOP('',(#2622,#2623,#2624,#2625));
#639=EDGE_LOOP('',(#2626,#2627,#2628,#2629,#2630,#2631,#2632));
#640=EDGE_LOOP('',(#2633,#2634,#2635,#2636,#2637,#2638,#2639));
#641=EDGE_LOOP('',(#2640,#2641,#2642,#2643));
#642=EDGE_LOOP('',(#2644,#2645,#2646,#2647));
#643=EDGE_LOOP('',(#2648,#2649,#2650,#2651));
#644=EDGE_LOOP('',(#2652,#2653,#2654,#2655));
#645=EDGE_LOOP('',(#2656,#2657,#2658,#2659));
#646=EDGE_LOOP('',(#2660,#2661,#2662,#2663));
#647=EDGE_LOOP('',(#2664,#2665,#2666,#2667));
#648=EDGE_LOOP('',(#2668,#2669,#2670,#2671));
#649=EDGE_LOOP('',(#2672,#2673,#2674,#2675));
#650=EDGE_LOOP('',(#2676,#2677,#2678,#2679));
#651=EDGE_LOOP('',(#2680,#2681,#2682,#2683,#2684,#2685,#2686));
#652=EDGE_LOOP('',(#2687,#2688,#2689,#2690));
#653=EDGE_LOOP('',(#2691,#2692,#2693,#2694,#2695,#2696,#2697));
#654=EDGE_LOOP('',(#2698,#2699,#2700,#2701,#2702,#2703,#2704));
#655=EDGE_LOOP('',(#2705,#2706,#2707,#2708));
#656=EDGE_LOOP('',(#2709,#2710,#2711,#2712));
#657=EDGE_LOOP('',(#2713,#2714,#2715,#2716,#2717));
#658=EDGE_LOOP('',(#2718,#2719,#2720,#2721,#2722));
#659=EDGE_LOOP('',(#2723));
#660=EDGE_LOOP('',(#2724,#2725,#2726,#2727));
#661=EDGE_LOOP('',(#2728,#2729,#2730,#2731));
#662=EDGE_LOOP('',(#2732,#2733,#2734,#2735));
#663=EDGE_LOOP('',(#2736,#2737,#2738,#2739));
#664=EDGE_LOOP('',(#2740,#2741,#2742,#2743));
#665=EDGE_LOOP('',(#2744,#2745,#2746,#2747));
#666=EDGE_LOOP('',(#2748));
#667=EDGE_LOOP('',(#2749,#2750,#2751,#2752));
#668=EDGE_LOOP('',(#2753,#2754,#2755,#2756));
#669=EDGE_LOOP('',(#2757,#2758,#2759,#2760));
#670=EDGE_LOOP('',(#2761));
#671=EDGE_LOOP('',(#2762,#2763,#2764,#2765));
#672=EDGE_LOOP('',(#2766,#2767));
#673=EDGE_LOOP('',(#2768,#2769,#2770,#2771));
#674=EDGE_LOOP('',(#2772,#2773));
#675=EDGE_LOOP('',(#2774,#2775,#2776,#2777,#2778,#2779,#2780,#2781,#2782,
#2783,#2784,#2785));
#676=EDGE_LOOP('',(#2786,#2787,#2788,#2789));
#677=EDGE_LOOP('',(#2790,#2791,#2792,#2793,#2794,#2795,#2796));
#678=EDGE_LOOP('',(#2797,#2798,#2799,#2800,#2801,#2802,#2803));
#679=EDGE_LOOP('',(#2804,#2805,#2806,#2807,#2808,#2809,#2810));
#680=EDGE_LOOP('',(#2811,#2812,#2813,#2814));
#681=EDGE_LOOP('',(#2815,#2816,#2817,#2818,#2819));
#682=EDGE_LOOP('',(#2820,#2821,#2822,#2823,#2824));
#683=EDGE_LOOP('',(#2825));
#684=EDGE_LOOP('',(#2826,#2827,#2828,#2829));
#685=EDGE_LOOP('',(#2830,#2831,#2832,#2833));
#686=EDGE_LOOP('',(#2834,#2835,#2836,#2837));
#687=EDGE_LOOP('',(#2838,#2839,#2840,#2841));
#688=EDGE_LOOP('',(#2842,#2843,#2844,#2845));
#689=EDGE_LOOP('',(#2846,#2847,#2848,#2849));
#690=EDGE_LOOP('',(#2850));
#691=EDGE_LOOP('',(#2851,#2852,#2853,#2854));
#692=EDGE_LOOP('',(#2855,#2856,#2857,#2858));
#693=EDGE_LOOP('',(#2859,#2860,#2861,#2862));
#694=EDGE_LOOP('',(#2863,#2864,#2865,#2866));
#695=EDGE_LOOP('',(#2867,#2868,#2869,#2870));
#696=EDGE_LOOP('',(#2871,#2872,#2873,#2874));
#697=EDGE_LOOP('',(#2875,#2876,#2877,#2878));
#698=EDGE_LOOP('',(#2879,#2880,#2881,#2882));
#699=EDGE_LOOP('',(#2883,#2884,#2885,#2886));
#700=EDGE_LOOP('',(#2887,#2888,#2889,#2890));
#701=EDGE_LOOP('',(#2891,#2892,#2893,#2894));
#702=EDGE_LOOP('',(#2895,#2896,#2897,#2898));
#703=EDGE_LOOP('',(#2899,#2900,#2901,#2902));
#704=EDGE_LOOP('',(#2903,#2904,#2905,#2906));
#705=EDGE_LOOP('',(#2907,#2908,#2909,#2910));
#706=EDGE_LOOP('',(#2911,#2912,#2913,#2914));
#707=EDGE_LOOP('',(#2915,#2916,#2917,#2918));
#708=EDGE_LOOP('',(#2919,#2920,#2921,#2922));
#709=EDGE_LOOP('',(#2923,#2924,#2925,#2926));
#710=EDGE_LOOP('',(#2927,#2928,#2929,#2930));
#711=EDGE_LOOP('',(#2931,#2932,#2933,#2934));
#712=EDGE_LOOP('',(#2935,#2936,#2937,#2938));
#713=EDGE_LOOP('',(#2939,#2940,#2941,#2942));
#714=EDGE_LOOP('',(#2943,#2944,#2945,#2946));
#715=B_SPLINE_CURVE_WITH_KNOTS('',3,(#4372,#4373,#4374,#4375,#4376,#4377,
#4378,#4379,#4380,#4381,#4382,#4383),.UNSPECIFIED.,.F.,.F.,(4,2,2,2,2,4),
(-0.00926874925724193,0.,0.662973804866764,0.907315064772536,1.15946957398543,
1.75949817529263),.UNSPECIFIED.);
#716=B_SPLINE_CURVE_WITH_KNOTS('',3,(#4386,#4387,#4388,#4389,#4390,#4391,
#4392,#4393,#4394,#4395,#4396,#4397),.UNSPECIFIED.,.F.,.F.,(4,2,2,2,2,4),
(0.,0.314678591562741,0.446918330872979,0.57506049503112,0.922750026381267,
0.927610922929892),.UNSPECIFIED.);
#717=B_SPLINE_CURVE_WITH_KNOTS('',3,(#4442,#4443,#4444,#4445,#4446,#4447,
#4448,#4449,#4450,#4451,#4452,#4453),.UNSPECIFIED.,.F.,.F.,(4,2,2,2,2,4),
(-0.00919398287005977,0.,0.663223571777345,0.90675079849338,1.15821816335226,
1.75757842395826),.UNSPECIFIED.);
#718=B_SPLINE_CURVE_WITH_KNOTS('',3,(#4498,#4499,#4500,#4501,#4502,#4503,
#4504,#4505,#4506,#4507,#4508,#4509),.UNSPECIFIED.,.F.,.F.,(4,2,2,2,2,4),
(0.,0.314761898299835,0.446823281621234,0.574714797303899,0.923015350680263,
0.927843691323963),.UNSPECIFIED.);
#719=B_SPLINE_CURVE_WITH_KNOTS('',3,(#4552,#4553,#4554,#4555,#4556,#4557,
#4558,#4559,#4560,#4561),.UNSPECIFIED.,.F.,.F.,(4,3,3,4),(0.0619613483409138,
0.229748235296892,0.400855070152412,0.571961905007933),.UNSPECIFIED.);
#720=B_SPLINE_CURVE_WITH_KNOTS('',3,(#4567,#4568,#4569,#4570,#4571,#4572,
#4573,#4574),.UNSPECIFIED.,.F.,.F.,(4,2,2,4),(0.,0.306739929002223,0.453194983287983,
0.550853767662602),.UNSPECIFIED.);
#721=B_SPLINE_CURVE_WITH_KNOTS('',3,(#4575,#4576,#4577,#4578),
 .UNSPECIFIED.,.F.,.F.,(4,4),(0.0500000000000043,29.41),.UNSPECIFIED.);
#722=LINE('',#4370,#1068);
#723=LINE('',#4385,#1069);
#724=LINE('',#4439,#1070);
#725=LINE('',#4441,#1071);
#726=LINE('',#4495,#1072);
#727=LINE('',#4497,#1073);
#728=LINE('',#4562,#1074);
#729=LINE('',#4563,#1075);
#730=LINE('',#4565,#1076);
#731=LINE('',#4581,#1077);
#732=LINE('',#4583,#1078);
#733=LINE('',#4585,#1079);
#734=LINE('',#4586,#1080);
#735=LINE('',#4589,#1081);
#736=LINE('',#4590,#1082);
#737=LINE('',#4593,#1083);
#738=LINE('',#4595,#1084);
#739=LINE('',#4597,#1085);
#740=LINE('',#4598,#1086);
#741=LINE('',#4601,#1087);
#742=LINE('',#4603,#1088);
#743=LINE('',#4605,#1089);
#744=LINE('',#4606,#1090);
#745=LINE('',#4609,#1091);
#746=LINE('',#4611,#1092);
#747=LINE('',#4613,#1093);
#748=LINE('',#4614,#1094);
#749=LINE('',#4617,#1095);
#750=LINE('',#4619,#1096);
#751=LINE('',#4621,#1097);
#752=LINE('',#4622,#1098);
#753=LINE('',#4625,#1099);
#754=LINE('',#4626,#1100);
#755=LINE('',#4628,#1101);
#756=LINE('',#4630,#1102);
#757=LINE('',#4632,#1103);
#758=LINE('',#4633,#1104);
#759=LINE('',#4635,#1105);
#760=LINE('',#4636,#1106);
#761=LINE('',#4639,#1107);
#762=LINE('',#4640,#1108);
#763=LINE('',#4645,#1109);
#764=LINE('',#4649,#1110);
#765=LINE('',#4652,#1111);
#766=LINE('',#4654,#1112);
#767=LINE('',#4660,#1113);
#768=LINE('',#4664,#1114);
#769=LINE('',#4671,#1115);
#770=LINE('',#4675,#1116);
#771=LINE('',#4678,#1117);
#772=LINE('',#4680,#1118);
#773=LINE('',#4685,#1119);
#774=LINE('',#4686,#1120);
#775=LINE('',#4687,#1121);
#776=LINE('',#4690,#1122);
#777=LINE('',#4692,#1123);
#778=LINE('',#4693,#1124);
#779=LINE('',#4695,#1125);
#780=LINE('',#4697,#1126);
#781=LINE('',#4698,#1127);
#782=LINE('',#4701,#1128);
#783=LINE('',#4702,#1129);
#784=LINE('',#4703,#1130);
#785=LINE('',#4706,#1131);
#786=LINE('',#4708,#1132);
#787=LINE('',#4709,#1133);
#788=LINE('',#4712,#1134);
#789=LINE('',#4713,#1135);
#790=LINE('',#4716,#1136);
#791=LINE('',#4717,#1137);
#792=LINE('',#4719,#1138);
#793=LINE('',#4723,#1139);
#794=LINE('',#4725,#1140);
#795=LINE('',#4726,#1141);
#796=LINE('',#4729,#1142);
#797=LINE('',#4730,#1143);
#798=LINE('',#4733,#1144);
#799=LINE('',#4734,#1145);
#800=LINE('',#4736,#1146);
#801=LINE('',#4740,#1147);
#802=LINE('',#4742,#1148);
#803=LINE('',#4743,#1149);
#804=LINE('',#4746,#1150);
#805=LINE('',#4747,#1151);
#806=LINE('',#4750,#1152);
#807=LINE('',#4751,#1153);
#808=LINE('',#4753,#1154);
#809=LINE('',#4757,#1155);
#810=LINE('',#4759,#1156);
#811=LINE('',#4760,#1157);
#812=LINE('',#4763,#1158);
#813=LINE('',#4764,#1159);
#814=LINE('',#4767,#1160);
#815=LINE('',#4768,#1161);
#816=LINE('',#4770,#1162);
#817=LINE('',#4774,#1163);
#818=LINE('',#4776,#1164);
#819=LINE('',#4777,#1165);
#820=LINE('',#4780,#1166);
#821=LINE('',#4781,#1167);
#822=LINE('',#4784,#1168);
#823=LINE('',#4785,#1169);
#824=LINE('',#4787,#1170);
#825=LINE('',#4789,#1171);
#826=LINE('',#4792,#1172);
#827=LINE('',#4794,#1173);
#828=LINE('',#4832,#1174);
#829=LINE('',#4840,#1175);
#830=LINE('',#4843,#1176);
#831=LINE('',#4846,#1177);
#832=LINE('',#4848,#1178);
#833=LINE('',#4849,#1179);
#834=LINE('',#4852,#1180);
#835=LINE('',#4854,#1181);
#836=LINE('',#4855,#1182);
#837=LINE('',#4857,#1183);
#838=LINE('',#4858,#1184);
#839=LINE('',#4865,#1185);
#840=LINE('',#4869,#1186);
#841=LINE('',#4874,#1187);
#842=LINE('',#4878,#1188);
#843=LINE('',#4884,#1189);
#844=LINE('',#4886,#1190);
#845=LINE('',#4890,#1191);
#846=LINE('',#4895,#1192);
#847=LINE('',#4900,#1193);
#848=LINE('',#4902,#1194);
#849=LINE('',#4903,#1195);
#850=LINE('',#4905,#1196);
#851=LINE('',#4906,#1197);
#852=LINE('',#4908,#1198);
#853=LINE('',#4909,#1199);
#854=LINE('',#4912,#1200);
#855=LINE('',#4914,#1201);
#856=LINE('',#4915,#1202);
#857=LINE('',#4918,#1203);
#858=LINE('',#4919,#1204);
#859=LINE('',#4922,#1205);
#860=LINE('',#4923,#1206);
#861=LINE('',#4925,#1207);
#862=LINE('',#4964,#1208);
#863=LINE('',#4969,#1209);
#864=LINE('',#4971,#1210);
#865=LINE('',#4973,#1211);
#866=LINE('',#4974,#1212);
#867=LINE('',#4980,#1213);
#868=LINE('',#4983,#1214);
#869=LINE('',#4985,#1215);
#870=LINE('',#4986,#1216);
#871=LINE('',#4988,#1217);
#872=LINE('',#4989,#1218);
#873=LINE('',#4996,#1219);
#874=LINE('',#5000,#1220);
#875=LINE('',#5003,#1221);
#876=LINE('',#5005,#1222);
#877=LINE('',#5011,#1223);
#878=LINE('',#5015,#1224);
#879=LINE('',#5018,#1225);
#880=LINE('',#5020,#1226);
#881=LINE('',#5026,#1227);
#882=LINE('',#5030,#1228);
#883=LINE('',#5033,#1229);
#884=LINE('',#5035,#1230);
#885=LINE('',#5040,#1231);
#886=LINE('',#5041,#1232);
#887=LINE('',#5043,#1233);
#888=LINE('',#5044,#1234);
#889=LINE('',#5047,#1235);
#890=LINE('',#5049,#1236);
#891=LINE('',#5050,#1237);
#892=LINE('',#5052,#1238);
#893=LINE('',#5054,#1239);
#894=LINE('',#5055,#1240);
#895=LINE('',#5058,#1241);
#896=LINE('',#5059,#1242);
#897=LINE('',#5061,#1243);
#898=LINE('',#5062,#1244);
#899=LINE('',#5066,#1245);
#900=LINE('',#5068,#1246);
#901=LINE('',#5070,#1247);
#902=LINE('',#5071,#1248);
#903=LINE('',#5074,#1249);
#904=LINE('',#5076,#1250);
#905=LINE('',#5077,#1251);
#906=LINE('',#5080,#1252);
#907=LINE('',#5082,#1253);
#908=LINE('',#5083,#1254);
#909=LINE('',#5085,#1255);
#910=LINE('',#5086,#1256);
#911=LINE('',#5091,#1257);
#912=LINE('',#5093,#1258);
#913=LINE('',#5095,#1259);
#914=LINE('',#5096,#1260);
#915=LINE('',#5099,#1261);
#916=LINE('',#5101,#1262);
#917=LINE('',#5102,#1263);
#918=LINE('',#5105,#1264);
#919=LINE('',#5107,#1265);
#920=LINE('',#5108,#1266);
#921=LINE('',#5110,#1267);
#922=LINE('',#5111,#1268);
#923=LINE('',#5116,#1269);
#924=LINE('',#5118,#1270);
#925=LINE('',#5120,#1271);
#926=LINE('',#5121,#1272);
#927=LINE('',#5124,#1273);
#928=LINE('',#5126,#1274);
#929=LINE('',#5127,#1275);
#930=LINE('',#5130,#1276);
#931=LINE('',#5132,#1277);
#932=LINE('',#5133,#1278);
#933=LINE('',#5135,#1279);
#934=LINE('',#5136,#1280);
#935=LINE('',#5141,#1281);
#936=LINE('',#5143,#1282);
#937=LINE('',#5145,#1283);
#938=LINE('',#5146,#1284);
#939=LINE('',#5149,#1285);
#940=LINE('',#5151,#1286);
#941=LINE('',#5152,#1287);
#942=LINE('',#5155,#1288);
#943=LINE('',#5157,#1289);
#944=LINE('',#5158,#1290);
#945=LINE('',#5160,#1291);
#946=LINE('',#5161,#1292);
#947=LINE('',#5165,#1293);
#948=LINE('',#5167,#1294);
#949=LINE('',#5168,#1295);
#950=LINE('',#5171,#1296);
#951=LINE('',#5172,#1297);
#952=LINE('',#5175,#1298);
#953=LINE('',#5176,#1299);
#954=LINE('',#5178,#1300);
#955=LINE('',#5182,#1301);
#956=LINE('',#5184,#1302);
#957=LINE('',#5186,#1303);
#958=LINE('',#5187,#1304);
#959=LINE('',#5190,#1305);
#960=LINE('',#5192,#1306);
#961=LINE('',#5193,#1307);
#962=LINE('',#5196,#1308);
#963=LINE('',#5198,#1309);
#964=LINE('',#5199,#1310);
#965=LINE('',#5201,#1311);
#966=LINE('',#5202,#1312);
#967=LINE('',#5206,#1313);
#968=LINE('',#5208,#1314);
#969=LINE('',#5209,#1315);
#970=LINE('',#5212,#1316);
#971=LINE('',#5214,#1317);
#972=LINE('',#5215,#1318);
#973=LINE('',#5217,#1319);
#974=LINE('',#5218,#1320);
#975=LINE('',#5257,#1321);
#976=LINE('',#5265,#1322);
#977=LINE('',#5268,#1323);
#978=LINE('',#5271,#1324);
#979=LINE('',#5273,#1325);
#980=LINE('',#5274,#1326);
#981=LINE('',#5277,#1327);
#982=LINE('',#5279,#1328);
#983=LINE('',#5280,#1329);
#984=LINE('',#5282,#1330);
#985=LINE('',#5283,#1331);
#986=LINE('',#5290,#1332);
#987=LINE('',#5294,#1333);
#988=LINE('',#5299,#1334);
#989=LINE('',#5303,#1335);
#990=LINE('',#5309,#1336);
#991=LINE('',#5311,#1337);
#992=LINE('',#5315,#1338);
#993=LINE('',#5320,#1339);
#994=LINE('',#5325,#1340);
#995=LINE('',#5327,#1341);
#996=LINE('',#5328,#1342);
#997=LINE('',#5330,#1343);
#998=LINE('',#5331,#1344);
#999=LINE('',#5333,#1345);
#1000=LINE('',#5334,#1346);
#1001=LINE('',#5337,#1347);
#1002=LINE('',#5339,#1348);
#1003=LINE('',#5340,#1349);
#1004=LINE('',#5343,#1350);
#1005=LINE('',#5344,#1351);
#1006=LINE('',#5347,#1352);
#1007=LINE('',#5348,#1353);
#1008=LINE('',#5350,#1354);
#1009=LINE('',#5389,#1355);
#1010=LINE('',#5394,#1356);
#1011=LINE('',#5396,#1357);
#1012=LINE('',#5398,#1358);
#1013=LINE('',#5399,#1359);
#1014=LINE('',#5404,#1360);
#1015=LINE('',#5408,#1361);
#1016=LINE('',#5410,#1362);
#1017=LINE('',#5411,#1363);
#1018=LINE('',#5413,#1364);
#1019=LINE('',#5414,#1365);
#1020=LINE('',#5421,#1366);
#1021=LINE('',#5423,#1367);
#1022=LINE('',#5425,#1368);
#1023=LINE('',#5426,#1369);
#1024=LINE('',#5429,#1370);
#1025=LINE('',#5431,#1371);
#1026=LINE('',#5432,#1372);
#1027=LINE('',#5435,#1373);
#1028=LINE('',#5437,#1374);
#1029=LINE('',#5438,#1375);
#1030=LINE('',#5440,#1376);
#1031=LINE('',#5441,#1377);
#1032=LINE('',#5447,#1378);
#1033=LINE('',#5449,#1379);
#1034=LINE('',#5451,#1380);
#1035=LINE('',#5452,#1381);
#1036=LINE('',#5455,#1382);
#1037=LINE('',#5457,#1383);
#1038=LINE('',#5458,#1384);
#1039=LINE('',#5461,#1385);
#1040=LINE('',#5463,#1386);
#1041=LINE('',#5464,#1387);
#1042=LINE('',#5466,#1388);
#1043=LINE('',#5467,#1389);
#1044=LINE('',#5473,#1390);
#1045=LINE('',#5475,#1391);
#1046=LINE('',#5477,#1392);
#1047=LINE('',#5478,#1393);
#1048=LINE('',#5481,#1394);
#1049=LINE('',#5483,#1395);
#1050=LINE('',#5484,#1396);
#1051=LINE('',#5487,#1397);
#1052=LINE('',#5489,#1398);
#1053=LINE('',#5490,#1399);
#1054=LINE('',#5492,#1400);
#1055=LINE('',#5493,#1401);
#1056=LINE('',#5499,#1402);
#1057=LINE('',#5501,#1403);
#1058=LINE('',#5503,#1404);
#1059=LINE('',#5504,#1405);
#1060=LINE('',#5507,#1406);
#1061=LINE('',#5509,#1407);
#1062=LINE('',#5510,#1408);
#1063=LINE('',#5513,#1409);
#1064=LINE('',#5515,#1410);
#1065=LINE('',#5516,#1411);
#1066=LINE('',#5518,#1412);
#1067=LINE('',#5519,#1413);
#1068=VECTOR('',#3466,10.);
#1069=VECTOR('',#3467,10.);
#1070=VECTOR('',#3468,10.);
#1071=VECTOR('',#3469,10.);
#1072=VECTOR('',#3470,10.);
#1073=VECTOR('',#3471,10.);
#1074=VECTOR('',#3472,10.);
#1075=VECTOR('',#3473,10.);
#1076=VECTOR('',#3474,10.);
#1077=VECTOR('',#3477,10.);
#1078=VECTOR('',#3478,10.);
#1079=VECTOR('',#3479,10.);
#1080=VECTOR('',#3480,10.);
#1081=VECTOR('',#3483,10.);
#1082=VECTOR('',#3484,10.);
#1083=VECTOR('',#3485,10.);
#1084=VECTOR('',#3486,10.);
#1085=VECTOR('',#3487,10.);
#1086=VECTOR('',#3488,10.);
#1087=VECTOR('',#3489,10.);
#1088=VECTOR('',#3490,10.);
#1089=VECTOR('',#3491,10.);
#1090=VECTOR('',#3492,10.);
#1091=VECTOR('',#3493,10.);
#1092=VECTOR('',#3494,10.);
#1093=VECTOR('',#3495,10.);
#1094=VECTOR('',#3496,10.);
#1095=VECTOR('',#3497,10.);
#1096=VECTOR('',#3498,10.);
#1097=VECTOR('',#3499,10.);
#1098=VECTOR('',#3500,10.);
#1099=VECTOR('',#3503,10.);
#1100=VECTOR('',#3504,10.);
#1101=VECTOR('',#3505,10.);
#1102=VECTOR('',#3506,10.);
#1103=VECTOR('',#3507,10.);
#1104=VECTOR('',#3508,10.);
#1105=VECTOR('',#3509,10.);
#1106=VECTOR('',#3510,10.);
#1107=VECTOR('',#3513,10.);
#1108=VECTOR('',#3514,10.);
#1109=VECTOR('',#3519,10.);
#1110=VECTOR('',#3522,10.);
#1111=VECTOR('',#3527,10.);
#1112=VECTOR('',#3530,10.);
#1113=VECTOR('',#3537,10.);
#1114=VECTOR('',#3544,10.);
#1115=VECTOR('',#3553,10.);
#1116=VECTOR('',#3556,10.);
#1117=VECTOR('',#3561,10.);
#1118=VECTOR('',#3564,10.);
#1119=VECTOR('',#3571,10.);
#1120=VECTOR('',#3572,10.);
#1121=VECTOR('',#3573,10.);
#1122=VECTOR('',#3576,10.);
#1123=VECTOR('',#3577,10.);
#1124=VECTOR('',#3578,10.);
#1125=VECTOR('',#3579,10.);
#1126=VECTOR('',#3580,10.);
#1127=VECTOR('',#3581,10.);
#1128=VECTOR('',#3584,10.);
#1129=VECTOR('',#3585,10.);
#1130=VECTOR('',#3586,10.);
#1131=VECTOR('',#3589,10.);
#1132=VECTOR('',#3590,10.);
#1133=VECTOR('',#3591,10.);
#1134=VECTOR('',#3594,10.);
#1135=VECTOR('',#3595,10.);
#1136=VECTOR('',#3598,10.);
#1137=VECTOR('',#3599,10.);
#1138=VECTOR('',#3602,10.);
#1139=VECTOR('',#3607,10.);
#1140=VECTOR('',#3608,10.);
#1141=VECTOR('',#3609,10.);
#1142=VECTOR('',#3612,10.);
#1143=VECTOR('',#3613,10.);
#1144=VECTOR('',#3616,10.);
#1145=VECTOR('',#3617,10.);
#1146=VECTOR('',#3620,10.);
#1147=VECTOR('',#3625,10.);
#1148=VECTOR('',#3626,10.);
#1149=VECTOR('',#3627,10.);
#1150=VECTOR('',#3630,10.);
#1151=VECTOR('',#3631,10.);
#1152=VECTOR('',#3634,10.);
#1153=VECTOR('',#3635,10.);
#1154=VECTOR('',#3638,10.);
#1155=VECTOR('',#3643,10.);
#1156=VECTOR('',#3644,10.);
#1157=VECTOR('',#3645,10.);
#1158=VECTOR('',#3648,10.);
#1159=VECTOR('',#3649,10.);
#1160=VECTOR('',#3652,10.);
#1161=VECTOR('',#3653,10.);
#1162=VECTOR('',#3656,10.);
#1163=VECTOR('',#3661,10.);
#1164=VECTOR('',#3662,10.);
#1165=VECTOR('',#3663,10.);
#1166=VECTOR('',#3666,10.);
#1167=VECTOR('',#3667,10.);
#1168=VECTOR('',#3670,10.);
#1169=VECTOR('',#3671,10.);
#1170=VECTOR('',#3674,10.);
#1171=VECTOR('',#3677,10.);
#1172=VECTOR('',#3682,10.);
#1173=VECTOR('',#3685,10.);
#1174=VECTOR('',#3698,2.);
#1175=VECTOR('',#3707,10.);
#1176=VECTOR('',#3710,10.);
#1177=VECTOR('',#3713,10.);
#1178=VECTOR('',#3714,10.);
#1179=VECTOR('',#3715,10.);
#1180=VECTOR('',#3718,10.);
#1181=VECTOR('',#3719,10.);
#1182=VECTOR('',#3720,10.);
#1183=VECTOR('',#3723,10.);
#1184=VECTOR('',#3724,10.);
#1185=VECTOR('',#3733,2.5);
#1186=VECTOR('',#3736,10.);
#1187=VECTOR('',#3741,2.5);
#1188=VECTOR('',#3744,10.);
#1189=VECTOR('',#3751,10.);
#1190=VECTOR('',#3754,10.);
#1191=VECTOR('',#3761,10.);
#1192=VECTOR('',#3770,10.);
#1193=VECTOR('',#3777,10.);
#1194=VECTOR('',#3778,10.);
#1195=VECTOR('',#3779,10.);
#1196=VECTOR('',#3780,10.);
#1197=VECTOR('',#3781,10.);
#1198=VECTOR('',#3782,10.);
#1199=VECTOR('',#3783,10.);
#1200=VECTOR('',#3786,10.);
#1201=VECTOR('',#3787,10.);
#1202=VECTOR('',#3788,10.);
#1203=VECTOR('',#3791,10.);
#1204=VECTOR('',#3792,10.);
#1205=VECTOR('',#3795,10.);
#1206=VECTOR('',#3796,10.);
#1207=VECTOR('',#3799,10.);
#1208=VECTOR('',#3814,2.);
#1209=VECTOR('',#3819,10.);
#1210=VECTOR('',#3820,10.);
#1211=VECTOR('',#3821,10.);
#1212=VECTOR('',#3822,10.);
#1213=VECTOR('',#3829,10.);
#1214=VECTOR('',#3832,10.);
#1215=VECTOR('',#3833,10.);
#1216=VECTOR('',#3834,10.);
#1217=VECTOR('',#3837,10.);
#1218=VECTOR('',#3838,10.);
#1219=VECTOR('',#3847,10.);
#1220=VECTOR('',#3850,10.);
#1221=VECTOR('',#3855,10.);
#1222=VECTOR('',#3858,10.);
#1223=VECTOR('',#3865,10.);
#1224=VECTOR('',#3868,10.);
#1225=VECTOR('',#3873,10.);
#1226=VECTOR('',#3876,10.);
#1227=VECTOR('',#3883,10.);
#1228=VECTOR('',#3886,10.);
#1229=VECTOR('',#3891,10.);
#1230=VECTOR('',#3894,10.);
#1231=VECTOR('',#3901,10.);
#1232=VECTOR('',#3902,10.);
#1233=VECTOR('',#3903,10.);
#1234=VECTOR('',#3904,10.);
#1235=VECTOR('',#3907,10.);
#1236=VECTOR('',#3908,10.);
#1237=VECTOR('',#3909,10.);
#1238=VECTOR('',#3910,10.);
#1239=VECTOR('',#3911,10.);
#1240=VECTOR('',#3912,10.);
#1241=VECTOR('',#3915,10.);
#1242=VECTOR('',#3916,10.);
#1243=VECTOR('',#3917,10.);
#1244=VECTOR('',#3918,10.);
#1245=VECTOR('',#3921,10.);
#1246=VECTOR('',#3922,10.);
#1247=VECTOR('',#3923,10.);
#1248=VECTOR('',#3924,10.);
#1249=VECTOR('',#3927,10.);
#1250=VECTOR('',#3928,10.);
#1251=VECTOR('',#3929,10.);
#1252=VECTOR('',#3932,10.);
#1253=VECTOR('',#3933,10.);
#1254=VECTOR('',#3934,10.);
#1255=VECTOR('',#3937,10.);
#1256=VECTOR('',#3938,10.);
#1257=VECTOR('',#3943,10.);
#1258=VECTOR('',#3944,10.);
#1259=VECTOR('',#3945,10.);
#1260=VECTOR('',#3946,10.);
#1261=VECTOR('',#3949,10.);
#1262=VECTOR('',#3950,10.);
#1263=VECTOR('',#3951,10.);
#1264=VECTOR('',#3954,10.);
#1265=VECTOR('',#3955,10.);
#1266=VECTOR('',#3956,10.);
#1267=VECTOR('',#3959,10.);
#1268=VECTOR('',#3960,10.);
#1269=VECTOR('',#3965,10.);
#1270=VECTOR('',#3966,10.);
#1271=VECTOR('',#3967,10.);
#1272=VECTOR('',#3968,10.);
#1273=VECTOR('',#3971,10.);
#1274=VECTOR('',#3972,10.);
#1275=VECTOR('',#3973,10.);
#1276=VECTOR('',#3976,10.);
#1277=VECTOR('',#3977,10.);
#1278=VECTOR('',#3978,10.);
#1279=VECTOR('',#3981,10.);
#1280=VECTOR('',#3982,10.);
#1281=VECTOR('',#3987,10.);
#1282=VECTOR('',#3988,10.);
#1283=VECTOR('',#3989,10.);
#1284=VECTOR('',#3990,10.);
#1285=VECTOR('',#3993,10.);
#1286=VECTOR('',#3994,10.);
#1287=VECTOR('',#3995,10.);
#1288=VECTOR('',#3998,10.);
#1289=VECTOR('',#3999,10.);
#1290=VECTOR('',#4000,10.);
#1291=VECTOR('',#4003,10.);
#1292=VECTOR('',#4004,10.);
#1293=VECTOR('',#4009,10.);
#1294=VECTOR('',#4010,10.);
#1295=VECTOR('',#4011,10.);
#1296=VECTOR('',#4014,10.);
#1297=VECTOR('',#4015,10.);
#1298=VECTOR('',#4018,10.);
#1299=VECTOR('',#4019,10.);
#1300=VECTOR('',#4022,10.);
#1301=VECTOR('',#4025,10.);
#1302=VECTOR('',#4026,10.);
#1303=VECTOR('',#4027,10.);
#1304=VECTOR('',#4028,10.);
#1305=VECTOR('',#4031,10.);
#1306=VECTOR('',#4032,10.);
#1307=VECTOR('',#4033,10.);
#1308=VECTOR('',#4036,10.);
#1309=VECTOR('',#4037,10.);
#1310=VECTOR('',#4038,10.);
#1311=VECTOR('',#4041,10.);
#1312=VECTOR('',#4042,10.);
#1313=VECTOR('',#4047,10.);
#1314=VECTOR('',#4048,10.);
#1315=VECTOR('',#4049,10.);
#1316=VECTOR('',#4052,10.);
#1317=VECTOR('',#4053,10.);
#1318=VECTOR('',#4054,10.);
#1319=VECTOR('',#4057,10.);
#1320=VECTOR('',#4058,10.);
#1321=VECTOR('',#4073,2.);
#1322=VECTOR('',#4082,10.);
#1323=VECTOR('',#4085,10.);
#1324=VECTOR('',#4088,10.);
#1325=VECTOR('',#4089,10.);
#1326=VECTOR('',#4090,10.);
#1327=VECTOR('',#4093,10.);
#1328=VECTOR('',#4094,10.);
#1329=VECTOR('',#4095,10.);
#1330=VECTOR('',#4098,10.);
#1331=VECTOR('',#4099,10.);
#1332=VECTOR('',#4108,2.5);
#1333=VECTOR('',#4111,10.);
#1334=VECTOR('',#4116,2.5);
#1335=VECTOR('',#4119,10.);
#1336=VECTOR('',#4126,10.);
#1337=VECTOR('',#4129,10.);
#1338=VECTOR('',#4136,10.);
#1339=VECTOR('',#4145,10.);
#1340=VECTOR('',#4152,10.);
#1341=VECTOR('',#4153,10.);
#1342=VECTOR('',#4154,10.);
#1343=VECTOR('',#4155,10.);
#1344=VECTOR('',#4156,10.);
#1345=VECTOR('',#4157,10.);
#1346=VECTOR('',#4158,10.);
#1347=VECTOR('',#4161,10.);
#1348=VECTOR('',#4162,10.);
#1349=VECTOR('',#4163,10.);
#1350=VECTOR('',#4166,10.);
#1351=VECTOR('',#4167,10.);
#1352=VECTOR('',#4170,10.);
#1353=VECTOR('',#4171,10.);
#1354=VECTOR('',#4174,10.);
#1355=VECTOR('',#4189,2.);
#1356=VECTOR('',#4194,10.);
#1357=VECTOR('',#4195,10.);
#1358=VECTOR('',#4196,10.);
#1359=VECTOR('',#4197,10.);
#1360=VECTOR('',#4202,10.);
#1361=VECTOR('',#4207,10.);
#1362=VECTOR('',#4208,10.);
#1363=VECTOR('',#4209,10.);
#1364=VECTOR('',#4212,10.);
#1365=VECTOR('',#4213,10.);
#1366=VECTOR('',#4222,10.);
#1367=VECTOR('',#4223,10.);
#1368=VECTOR('',#4224,10.);
#1369=VECTOR('',#4225,10.);
#1370=VECTOR('',#4228,10.);
#1371=VECTOR('',#4229,10.);
#1372=VECTOR('',#4230,10.);
#1373=VECTOR('',#4233,10.);
#1374=VECTOR('',#4234,10.);
#1375=VECTOR('',#4235,10.);
#1376=VECTOR('',#4238,10.);
#1377=VECTOR('',#4239,10.);
#1378=VECTOR('',#4246,10.);
#1379=VECTOR('',#4247,10.);
#1380=VECTOR('',#4248,10.);
#1381=VECTOR('',#4249,10.);
#1382=VECTOR('',#4252,10.);
#1383=VECTOR('',#4253,10.);
#1384=VECTOR('',#4254,10.);
#1385=VECTOR('',#4257,10.);
#1386=VECTOR('',#4258,10.);
#1387=VECTOR('',#4259,10.);
#1388=VECTOR('',#4262,10.);
#1389=VECTOR('',#4263,10.);
#1390=VECTOR('',#4270,10.);
#1391=VECTOR('',#4271,10.);
#1392=VECTOR('',#4272,10.);
#1393=VECTOR('',#4273,10.);
#1394=VECTOR('',#4276,10.);
#1395=VECTOR('',#4277,10.);
#1396=VECTOR('',#4278,10.);
#1397=VECTOR('',#4281,10.);
#1398=VECTOR('',#4282,10.);
#1399=VECTOR('',#4283,10.);
#1400=VECTOR('',#4286,10.);
#1401=VECTOR('',#4287,10.);
#1402=VECTOR('',#4294,10.);
#1403=VECTOR('',#4295,10.);
#1404=VECTOR('',#4296,10.);
#1405=VECTOR('',#4297,10.);
#1406=VECTOR('',#4300,10.);
#1407=VECTOR('',#4301,10.);
#1408=VECTOR('',#4302,10.);
#1409=VECTOR('',#4305,10.);
#1410=VECTOR('',#4306,10.);
#1411=VECTOR('',#4307,10.);
#1412=VECTOR('',#4310,10.);
#1413=VECTOR('',#4311,10.);
#1414=VERTEX_POINT('',#4368);
#1415=VERTEX_POINT('',#4369);
#1416=VERTEX_POINT('',#4371);
#1417=VERTEX_POINT('',#4384);
#1418=VERTEX_POINT('',#4438);
#1419=VERTEX_POINT('',#4440);
#1420=VERTEX_POINT('',#4494);
#1421=VERTEX_POINT('',#4496);
#1422=VERTEX_POINT('',#4550);
#1423=VERTEX_POINT('',#4551);
#1424=VERTEX_POINT('',#4564);
#1425=VERTEX_POINT('',#4566);
#1426=VERTEX_POINT('',#4580);
#1427=VERTEX_POINT('',#4582);
#1428=VERTEX_POINT('',#4584);
#1429=VERTEX_POINT('',#4588);
#1430=VERTEX_POINT('',#4591);
#1431=VERTEX_POINT('',#4592);
#1432=VERTEX_POINT('',#4594);
#1433=VERTEX_POINT('',#4596);
#1434=VERTEX_POINT('',#4599);
#1435=VERTEX_POINT('',#4600);
#1436=VERTEX_POINT('',#4602);
#1437=VERTEX_POINT('',#4604);
#1438=VERTEX_POINT('',#4607);
#1439=VERTEX_POINT('',#4608);
#1440=VERTEX_POINT('',#4610);
#1441=VERTEX_POINT('',#4612);
#1442=VERTEX_POINT('',#4615);
#1443=VERTEX_POINT('',#4616);
#1444=VERTEX_POINT('',#4618);
#1445=VERTEX_POINT('',#4620);
#1446=VERTEX_POINT('',#4624);
#1447=VERTEX_POINT('',#4627);
#1448=VERTEX_POINT('',#4629);
#1449=VERTEX_POINT('',#4631);
#1450=VERTEX_POINT('',#4634);
#1451=VERTEX_POINT('',#4638);
#1452=VERTEX_POINT('',#4643);
#1453=VERTEX_POINT('',#4644);
#1454=VERTEX_POINT('',#4646);
#1455=VERTEX_POINT('',#4648);
#1456=VERTEX_POINT('',#4658);
#1457=VERTEX_POINT('',#4659);
#1458=VERTEX_POINT('',#4669);
#1459=VERTEX_POINT('',#4670);
#1460=VERTEX_POINT('',#4672);
#1461=VERTEX_POINT('',#4674);
#1462=VERTEX_POINT('',#4684);
#1463=VERTEX_POINT('',#4689);
#1464=VERTEX_POINT('',#4691);
#1465=VERTEX_POINT('',#4694);
#1466=VERTEX_POINT('',#4696);
#1467=VERTEX_POINT('',#4700);
#1468=VERTEX_POINT('',#4705);
#1469=VERTEX_POINT('',#4707);
#1470=VERTEX_POINT('',#4711);
#1471=VERTEX_POINT('',#4715);
#1472=VERTEX_POINT('',#4722);
#1473=VERTEX_POINT('',#4724);
#1474=VERTEX_POINT('',#4728);
#1475=VERTEX_POINT('',#4732);
#1476=VERTEX_POINT('',#4739);
#1477=VERTEX_POINT('',#4741);
#1478=VERTEX_POINT('',#4745);
#1479=VERTEX_POINT('',#4749);
#1480=VERTEX_POINT('',#4756);
#1481=VERTEX_POINT('',#4758);
#1482=VERTEX_POINT('',#4762);
#1483=VERTEX_POINT('',#4766);
#1484=VERTEX_POINT('',#4773);
#1485=VERTEX_POINT('',#4775);
#1486=VERTEX_POINT('',#4779);
#1487=VERTEX_POINT('',#4783);
#1488=VERTEX_POINT('',#4823);
#1489=VERTEX_POINT('',#4824);
#1490=VERTEX_POINT('',#4826);
#1491=VERTEX_POINT('',#4831);
#1492=VERTEX_POINT('',#4836);
#1493=VERTEX_POINT('',#4837);
#1494=VERTEX_POINT('',#4839);
#1495=VERTEX_POINT('',#4841);
#1496=VERTEX_POINT('',#4845);
#1497=VERTEX_POINT('',#4847);
#1498=VERTEX_POINT('',#4851);
#1499=VERTEX_POINT('',#4853);
#1500=VERTEX_POINT('',#4863);
#1501=VERTEX_POINT('',#4864);
#1502=VERTEX_POINT('',#4866);
#1503=VERTEX_POINT('',#4868);
#1504=VERTEX_POINT('',#4872);
#1505=VERTEX_POINT('',#4873);
#1506=VERTEX_POINT('',#4875);
#1507=VERTEX_POINT('',#4877);
#1508=VERTEX_POINT('',#4881);
#1509=VERTEX_POINT('',#4883);
#1510=VERTEX_POINT('',#4899);
#1511=VERTEX_POINT('',#4901);
#1512=VERTEX_POINT('',#4904);
#1513=VERTEX_POINT('',#4907);
#1514=VERTEX_POINT('',#4911);
#1515=VERTEX_POINT('',#4913);
#1516=VERTEX_POINT('',#4917);
#1517=VERTEX_POINT('',#4921);
#1518=VERTEX_POINT('',#4954);
#1519=VERTEX_POINT('',#4956);
#1520=VERTEX_POINT('',#4958);
#1521=VERTEX_POINT('',#4962);
#1522=VERTEX_POINT('',#4967);
#1523=VERTEX_POINT('',#4968);
#1524=VERTEX_POINT('',#4970);
#1525=VERTEX_POINT('',#4972);
#1526=VERTEX_POINT('',#4976);
#1527=VERTEX_POINT('',#4978);
#1528=VERTEX_POINT('',#4982);
#1529=VERTEX_POINT('',#4984);
#1530=VERTEX_POINT('',#4994);
#1531=VERTEX_POINT('',#4995);
#1532=VERTEX_POINT('',#4997);
#1533=VERTEX_POINT('',#4999);
#1534=VERTEX_POINT('',#5009);
#1535=VERTEX_POINT('',#5010);
#1536=VERTEX_POINT('',#5012);
#1537=VERTEX_POINT('',#5014);
#1538=VERTEX_POINT('',#5024);
#1539=VERTEX_POINT('',#5025);
#1540=VERTEX_POINT('',#5027);
#1541=VERTEX_POINT('',#5029);
#1542=VERTEX_POINT('',#5039);
#1543=VERTEX_POINT('',#5042);
#1544=VERTEX_POINT('',#5046);
#1545=VERTEX_POINT('',#5048);
#1546=VERTEX_POINT('',#5051);
#1547=VERTEX_POINT('',#5053);
#1548=VERTEX_POINT('',#5057);
#1549=VERTEX_POINT('',#5060);
#1550=VERTEX_POINT('',#5064);
#1551=VERTEX_POINT('',#5065);
#1552=VERTEX_POINT('',#5067);
#1553=VERTEX_POINT('',#5069);
#1554=VERTEX_POINT('',#5073);
#1555=VERTEX_POINT('',#5075);
#1556=VERTEX_POINT('',#5079);
#1557=VERTEX_POINT('',#5081);
#1558=VERTEX_POINT('',#5089);
#1559=VERTEX_POINT('',#5090);
#1560=VERTEX_POINT('',#5092);
#1561=VERTEX_POINT('',#5094);
#1562=VERTEX_POINT('',#5098);
#1563=VERTEX_POINT('',#5100);
#1564=VERTEX_POINT('',#5104);
#1565=VERTEX_POINT('',#5106);
#1566=VERTEX_POINT('',#5114);
#1567=VERTEX_POINT('',#5115);
#1568=VERTEX_POINT('',#5117);
#1569=VERTEX_POINT('',#5119);
#1570=VERTEX_POINT('',#5123);
#1571=VERTEX_POINT('',#5125);
#1572=VERTEX_POINT('',#5129);
#1573=VERTEX_POINT('',#5131);
#1574=VERTEX_POINT('',#5139);
#1575=VERTEX_POINT('',#5140);
#1576=VERTEX_POINT('',#5142);
#1577=VERTEX_POINT('',#5144);
#1578=VERTEX_POINT('',#5148);
#1579=VERTEX_POINT('',#5150);
#1580=VERTEX_POINT('',#5154);
#1581=VERTEX_POINT('',#5156);
#1582=VERTEX_POINT('',#5164);
#1583=VERTEX_POINT('',#5166);
#1584=VERTEX_POINT('',#5170);
#1585=VERTEX_POINT('',#5174);
#1586=VERTEX_POINT('',#5180);
#1587=VERTEX_POINT('',#5181);
#1588=VERTEX_POINT('',#5183);
#1589=VERTEX_POINT('',#5185);
#1590=VERTEX_POINT('',#5189);
#1591=VERTEX_POINT('',#5191);
#1592=VERTEX_POINT('',#5195);
#1593=VERTEX_POINT('',#5197);
#1594=VERTEX_POINT('',#5205);
#1595=VERTEX_POINT('',#5207);
#1596=VERTEX_POINT('',#5211);
#1597=VERTEX_POINT('',#5213);
#1598=VERTEX_POINT('',#5248);
#1599=VERTEX_POINT('',#5249);
#1600=VERTEX_POINT('',#5252);
#1601=VERTEX_POINT('',#5256);
#1602=VERTEX_POINT('',#5261);
#1603=VERTEX_POINT('',#5262);
#1604=VERTEX_POINT('',#5264);
#1605=VERTEX_POINT('',#5266);
#1606=VERTEX_POINT('',#5270);
#1607=VERTEX_POINT('',#5272);
#1608=VERTEX_POINT('',#5276);
#1609=VERTEX_POINT('',#5278);
#1610=VERTEX_POINT('',#5288);
#1611=VERTEX_POINT('',#5289);
#1612=VERTEX_POINT('',#5291);
#1613=VERTEX_POINT('',#5293);
#1614=VERTEX_POINT('',#5297);
#1615=VERTEX_POINT('',#5298);
#1616=VERTEX_POINT('',#5300);
#1617=VERTEX_POINT('',#5302);
#1618=VERTEX_POINT('',#5306);
#1619=VERTEX_POINT('',#5308);
#1620=VERTEX_POINT('',#5324);
#1621=VERTEX_POINT('',#5326);
#1622=VERTEX_POINT('',#5329);
#1623=VERTEX_POINT('',#5332);
#1624=VERTEX_POINT('',#5336);
#1625=VERTEX_POINT('',#5338);
#1626=VERTEX_POINT('',#5342);
#1627=VERTEX_POINT('',#5346);
#1628=VERTEX_POINT('',#5379);
#1629=VERTEX_POINT('',#5381);
#1630=VERTEX_POINT('',#5383);
#1631=VERTEX_POINT('',#5387);
#1632=VERTEX_POINT('',#5392);
#1633=VERTEX_POINT('',#5393);
#1634=VERTEX_POINT('',#5395);
#1635=VERTEX_POINT('',#5397);
#1636=VERTEX_POINT('',#5401);
#1637=VERTEX_POINT('',#5403);
#1638=VERTEX_POINT('',#5407);
#1639=VERTEX_POINT('',#5409);
#1640=VERTEX_POINT('',#5419);
#1641=VERTEX_POINT('',#5420);
#1642=VERTEX_POINT('',#5422);
#1643=VERTEX_POINT('',#5424);
#1644=VERTEX_POINT('',#5428);
#1645=VERTEX_POINT('',#5430);
#1646=VERTEX_POINT('',#5434);
#1647=VERTEX_POINT('',#5436);
#1648=VERTEX_POINT('',#5445);
#1649=VERTEX_POINT('',#5446);
#1650=VERTEX_POINT('',#5448);
#1651=VERTEX_POINT('',#5450);
#1652=VERTEX_POINT('',#5454);
#1653=VERTEX_POINT('',#5456);
#1654=VERTEX_POINT('',#5460);
#1655=VERTEX_POINT('',#5462);
#1656=VERTEX_POINT('',#5471);
#1657=VERTEX_POINT('',#5472);
#1658=VERTEX_POINT('',#5474);
#1659=VERTEX_POINT('',#5476);
#1660=VERTEX_POINT('',#5480);
#1661=VERTEX_POINT('',#5482);
#1662=VERTEX_POINT('',#5486);
#1663=VERTEX_POINT('',#5488);
#1664=VERTEX_POINT('',#5497);
#1665=VERTEX_POINT('',#5498);
#1666=VERTEX_POINT('',#5500);
#1667=VERTEX_POINT('',#5502);
#1668=VERTEX_POINT('',#5506);
#1669=VERTEX_POINT('',#5508);
#1670=VERTEX_POINT('',#5512);
#1671=VERTEX_POINT('',#5514);
#1672=EDGE_CURVE('',#1414,#1415,#722,.T.);
#1673=EDGE_CURVE('',#1415,#1416,#715,.T.);
#1674=EDGE_CURVE('',#1416,#1417,#723,.T.);
#1675=EDGE_CURVE('',#1417,#1414,#716,.T.);
#1676=EDGE_CURVE('',#1418,#1416,#724,.T.);
#1677=EDGE_CURVE('',#1415,#1419,#725,.T.);
#1678=EDGE_CURVE('',#1419,#1418,#717,.T.);
#1679=EDGE_CURVE('',#1420,#1414,#726,.T.);
#1680=EDGE_CURVE('',#1417,#1421,#727,.T.);
#1681=EDGE_CURVE('',#1421,#1420,#718,.T.);
#1682=EDGE_CURVE('',#1422,#1423,#719,.T.);
#1683=EDGE_CURVE('',#1423,#1418,#728,.T.);
#1684=EDGE_CURVE('',#1419,#1420,#729,.T.);
#1685=EDGE_CURVE('',#1421,#1424,#730,.T.);
#1686=EDGE_CURVE('',#1424,#1425,#720,.T.);
#1687=EDGE_CURVE('',#1425,#1422,#721,.T.);
#1688=EDGE_CURVE('',#1426,#1422,#731,.F.);
#1689=EDGE_CURVE('',#1427,#1426,#732,.F.);
#1690=EDGE_CURVE('',#1427,#1428,#733,.T.);
#1691=EDGE_CURVE('',#1423,#1428,#734,.T.);
#1692=EDGE_CURVE('',#1429,#1425,#735,.F.);
#1693=EDGE_CURVE('',#1426,#1429,#736,.F.);
#1694=EDGE_CURVE('',#1430,#1431,#737,.T.);
#1695=EDGE_CURVE('',#1431,#1432,#738,.T.);
#1696=EDGE_CURVE('',#1432,#1433,#739,.T.);
#1697=EDGE_CURVE('',#1433,#1430,#740,.T.);
#1698=EDGE_CURVE('',#1434,#1435,#741,.T.);
#1699=EDGE_CURVE('',#1435,#1436,#742,.T.);
#1700=EDGE_CURVE('',#1436,#1437,#743,.T.);
#1701=EDGE_CURVE('',#1437,#1434,#744,.T.);
#1702=EDGE_CURVE('',#1438,#1439,#745,.T.);
#1703=EDGE_CURVE('',#1439,#1440,#746,.T.);
#1704=EDGE_CURVE('',#1440,#1441,#747,.T.);
#1705=EDGE_CURVE('',#1441,#1438,#748,.T.);
#1706=EDGE_CURVE('',#1442,#1443,#749,.T.);
#1707=EDGE_CURVE('',#1443,#1444,#750,.T.);
#1708=EDGE_CURVE('',#1444,#1445,#751,.T.);
#1709=EDGE_CURVE('',#1445,#1442,#752,.T.);
#1710=EDGE_CURVE('',#1428,#1446,#753,.T.);
#1711=EDGE_CURVE('',#1446,#1424,#754,.T.);
#1712=EDGE_CURVE('',#1421,#1447,#755,.T.);
#1713=EDGE_CURVE('',#1447,#1448,#756,.T.);
#1714=EDGE_CURVE('',#1448,#1449,#757,.T.);
#1715=EDGE_CURVE('',#1448,#1449,#758,.T.);
#1716=EDGE_CURVE('',#1448,#1450,#759,.T.);
#1717=EDGE_CURVE('',#1450,#1418,#760,.T.);
#1718=EDGE_CURVE('',#1451,#1446,#761,.F.);
#1719=EDGE_CURVE('',#1429,#1451,#762,.F.);
#1720=EDGE_CURVE('',#1452,#1453,#763,.T.);
#1721=EDGE_CURVE('',#1453,#1454,#73,.T.);
#1722=EDGE_CURVE('',#1455,#1454,#764,.T.);
#1723=EDGE_CURVE('',#1452,#1455,#74,.T.);
#1724=EDGE_CURVE('',#1452,#1453,#765,.T.);
#1725=EDGE_CURVE('',#1455,#1452,#75,.T.);
#1726=EDGE_CURVE('',#1455,#1454,#766,.T.);
#1727=EDGE_CURVE('',#1454,#1453,#76,.T.);
#1728=EDGE_CURVE('',#1456,#1457,#767,.T.);
#1729=EDGE_CURVE('',#1457,#1449,#77,.T.);
#1730=EDGE_CURVE('',#1456,#1448,#78,.T.);
#1731=EDGE_CURVE('',#1456,#1457,#768,.T.);
#1732=EDGE_CURVE('',#1448,#1456,#79,.T.);
#1733=EDGE_CURVE('',#1449,#1457,#80,.T.);
#1734=EDGE_CURVE('',#1458,#1459,#769,.T.);
#1735=EDGE_CURVE('',#1459,#1460,#81,.T.);
#1736=EDGE_CURVE('',#1461,#1460,#770,.T.);
#1737=EDGE_CURVE('',#1458,#1461,#82,.T.);
#1738=EDGE_CURVE('',#1458,#1459,#771,.T.);
#1739=EDGE_CURVE('',#1461,#1458,#83,.T.);
#1740=EDGE_CURVE('',#1461,#1460,#772,.T.);
#1741=EDGE_CURVE('',#1460,#1459,#84,.T.);
#1742=EDGE_CURVE('',#1456,#1462,#773,.T.);
#1743=EDGE_CURVE('',#1462,#1461,#774,.T.);
#1744=EDGE_CURVE('',#1458,#1450,#775,.T.);
#1745=EDGE_CURVE('',#1463,#1452,#776,.T.);
#1746=EDGE_CURVE('',#1463,#1464,#777,.T.);
#1747=EDGE_CURVE('',#1464,#1458,#778,.T.);
#1748=EDGE_CURVE('',#1461,#1465,#779,.T.);
#1749=EDGE_CURVE('',#1465,#1466,#780,.T.);
#1750=EDGE_CURVE('',#1466,#1455,#781,.T.);
#1751=EDGE_CURVE('',#1455,#1467,#782,.T.);
#1752=EDGE_CURVE('',#1467,#1456,#783,.T.);
#1753=EDGE_CURVE('',#1452,#1447,#784,.T.);
#1754=EDGE_CURVE('',#1442,#1468,#785,.T.);
#1755=EDGE_CURVE('',#1469,#1468,#786,.T.);
#1756=EDGE_CURVE('',#1443,#1469,#787,.T.);
#1757=EDGE_CURVE('',#1470,#1469,#788,.T.);
#1758=EDGE_CURVE('',#1444,#1470,#789,.T.);
#1759=EDGE_CURVE('',#1471,#1470,#790,.T.);
#1760=EDGE_CURVE('',#1445,#1471,#791,.T.);
#1761=EDGE_CURVE('',#1468,#1471,#792,.T.);
#1762=EDGE_CURVE('',#1438,#1472,#793,.T.);
#1763=EDGE_CURVE('',#1473,#1472,#794,.T.);
#1764=EDGE_CURVE('',#1439,#1473,#795,.T.);
#1765=EDGE_CURVE('',#1474,#1473,#796,.T.);
#1766=EDGE_CURVE('',#1440,#1474,#797,.T.);
#1767=EDGE_CURVE('',#1475,#1474,#798,.T.);
#1768=EDGE_CURVE('',#1441,#1475,#799,.T.);
#1769=EDGE_CURVE('',#1472,#1475,#800,.T.);
#1770=EDGE_CURVE('',#1434,#1476,#801,.T.);
#1771=EDGE_CURVE('',#1477,#1476,#802,.T.);
#1772=EDGE_CURVE('',#1435,#1477,#803,.T.);
#1773=EDGE_CURVE('',#1478,#1477,#804,.T.);
#1774=EDGE_CURVE('',#1436,#1478,#805,.T.);
#1775=EDGE_CURVE('',#1479,#1478,#806,.T.);
#1776=EDGE_CURVE('',#1437,#1479,#807,.T.);
#1777=EDGE_CURVE('',#1476,#1479,#808,.T.);
#1778=EDGE_CURVE('',#1430,#1480,#809,.T.);
#1779=EDGE_CURVE('',#1481,#1480,#810,.T.);
#1780=EDGE_CURVE('',#1431,#1481,#811,.T.);
#1781=EDGE_CURVE('',#1482,#1481,#812,.T.);
#1782=EDGE_CURVE('',#1432,#1482,#813,.T.);
#1783=EDGE_CURVE('',#1483,#1482,#814,.T.);
#1784=EDGE_CURVE('',#1433,#1483,#815,.T.);
#1785=EDGE_CURVE('',#1480,#1483,#816,.T.);
#1786=EDGE_CURVE('',#1466,#1484,#817,.T.);
#1787=EDGE_CURVE('',#1485,#1484,#818,.T.);
#1788=EDGE_CURVE('',#1467,#1485,#819,.T.);
#1789=EDGE_CURVE('',#1465,#1486,#820,.T.);
#1790=EDGE_CURVE('',#1484,#1486,#821,.T.);
#1791=EDGE_CURVE('',#1462,#1487,#822,.T.);
#1792=EDGE_CURVE('',#1486,#1487,#823,.T.);
#1793=EDGE_CURVE('',#1487,#1485,#824,.T.);
#1794=EDGE_CURVE('',#1451,#1427,#825,.F.);
#1795=EDGE_CURVE('',#1417,#1463,#826,.T.);
#1796=EDGE_CURVE('',#1464,#1416,#827,.T.);
#1797=EDGE_CURVE('',#1488,#1489,#85,.T.);
#1798=EDGE_CURVE('',#1489,#1490,#86,.T.);
#1799=EDGE_CURVE('',#1490,#1490,#87,.T.);
#1800=EDGE_CURVE('',#1489,#1488,#88,.T.);
#1801=EDGE_CURVE('',#1488,#1491,#828,.T.);
#1802=EDGE_CURVE('',#1491,#1491,#89,.T.);
#1803=EDGE_CURVE('',#1492,#1493,#90,.T.);
#1804=EDGE_CURVE('',#1492,#1494,#829,.T.);
#1805=EDGE_CURVE('',#1495,#1494,#91,.T.);
#1806=EDGE_CURVE('',#1493,#1495,#830,.T.);
#1807=EDGE_CURVE('',#1496,#1493,#831,.T.);
#1808=EDGE_CURVE('',#1497,#1495,#832,.T.);
#1809=EDGE_CURVE('',#1496,#1497,#833,.T.);
#1810=EDGE_CURVE('',#1498,#1496,#834,.T.);
#1811=EDGE_CURVE('',#1499,#1497,#835,.T.);
#1812=EDGE_CURVE('',#1498,#1499,#836,.T.);
#1813=EDGE_CURVE('',#1498,#1492,#837,.T.);
#1814=EDGE_CURVE('',#1494,#1499,#838,.T.);
#1815=EDGE_CURVE('',#1500,#1501,#839,.T.);
#1816=EDGE_CURVE('',#1502,#1500,#92,.T.);
#1817=EDGE_CURVE('',#1502,#1503,#840,.T.);
#1818=EDGE_CURVE('',#1503,#1501,#93,.T.);
#1819=EDGE_CURVE('',#1504,#1505,#841,.T.);
#1820=EDGE_CURVE('',#1506,#1504,#94,.T.);
#1821=EDGE_CURVE('',#1506,#1507,#842,.T.);
#1822=EDGE_CURVE('',#1507,#1505,#95,.T.);
#1823=EDGE_CURVE('',#1508,#1508,#96,.T.);
#1824=EDGE_CURVE('',#1508,#1509,#843,.T.);
#1825=EDGE_CURVE('',#1509,#1509,#97,.T.);
#1826=EDGE_CURVE('',#1508,#1509,#844,.T.);
#1827=EDGE_CURVE('',#1505,#1507,#98,.T.);
#1828=EDGE_CURVE('',#1506,#1507,#845,.T.);
#1829=EDGE_CURVE('',#1504,#1506,#99,.T.);
#1830=EDGE_CURVE('',#1501,#1503,#100,.T.);
#1831=EDGE_CURVE('',#1502,#1503,#846,.T.);
#1832=EDGE_CURVE('',#1500,#1502,#101,.T.);
#1833=EDGE_CURVE('',#1510,#1502,#847,.T.);
#1834=EDGE_CURVE('',#1511,#1510,#848,.T.);
#1835=EDGE_CURVE('',#1508,#1511,#849,.T.);
#1836=EDGE_CURVE('',#1512,#1508,#850,.T.);
#1837=EDGE_CURVE('',#1506,#1512,#851,.T.);
#1838=EDGE_CURVE('',#1513,#1506,#852,.T.);
#1839=EDGE_CURVE('',#1502,#1513,#853,.T.);
#1840=EDGE_CURVE('',#1510,#1514,#854,.T.);
#1841=EDGE_CURVE('',#1515,#1514,#855,.T.);
#1842=EDGE_CURVE('',#1511,#1515,#856,.T.);
#1843=EDGE_CURVE('',#1516,#1515,#857,.T.);
#1844=EDGE_CURVE('',#1512,#1516,#858,.T.);
#1845=EDGE_CURVE('',#1517,#1516,#859,.T.);
#1846=EDGE_CURVE('',#1513,#1517,#860,.T.);
#1847=EDGE_CURVE('',#1514,#1517,#861,.T.);
#1848=EDGE_CURVE('',#1518,#1518,#102,.T.);
#1849=EDGE_CURVE('',#1518,#1519,#103,.T.);
#1850=EDGE_CURVE('',#1520,#1519,#104,.T.);
#1851=EDGE_CURVE('',#1519,#1520,#105,.T.);
#1852=EDGE_CURVE('',#1521,#1521,#106,.F.);
#1853=EDGE_CURVE('',#1521,#1520,#862,.T.);
#1854=EDGE_CURVE('',#1522,#1523,#863,.T.);
#1855=EDGE_CURVE('',#1522,#1524,#864,.T.);
#1856=EDGE_CURVE('',#1525,#1524,#865,.T.);
#1857=EDGE_CURVE('',#1523,#1525,#866,.T.);
#1858=EDGE_CURVE('',#1526,#1523,#107,.T.);
#1859=EDGE_CURVE('',#1527,#1525,#108,.T.);
#1860=EDGE_CURVE('',#1526,#1527,#867,.T.);
#1861=EDGE_CURVE('',#1528,#1526,#868,.T.);
#1862=EDGE_CURVE('',#1529,#1527,#869,.T.);
#1863=EDGE_CURVE('',#1528,#1529,#870,.T.);
#1864=EDGE_CURVE('',#1528,#1522,#871,.T.);
#1865=EDGE_CURVE('',#1524,#1529,#872,.T.);
#1866=EDGE_CURVE('',#1530,#1531,#873,.T.);
#1867=EDGE_CURVE('',#1531,#1532,#109,.T.);
#1868=EDGE_CURVE('',#1533,#1532,#874,.T.);
#1869=EDGE_CURVE('',#1530,#1533,#110,.T.);
#1870=EDGE_CURVE('',#1530,#1531,#875,.T.);
#1871=EDGE_CURVE('',#1533,#1530,#111,.T.);
#1872=EDGE_CURVE('',#1533,#1532,#876,.T.);
#1873=EDGE_CURVE('',#1532,#1531,#112,.T.);
#1874=EDGE_CURVE('',#1534,#1535,#877,.T.);
#1875=EDGE_CURVE('',#1535,#1536,#113,.T.);
#1876=EDGE_CURVE('',#1537,#1536,#878,.T.);
#1877=EDGE_CURVE('',#1534,#1537,#114,.T.);
#1878=EDGE_CURVE('',#1534,#1535,#879,.T.);
#1879=EDGE_CURVE('',#1537,#1534,#115,.T.);
#1880=EDGE_CURVE('',#1537,#1536,#880,.T.);
#1881=EDGE_CURVE('',#1536,#1535,#116,.T.);
#1882=EDGE_CURVE('',#1538,#1539,#881,.T.);
#1883=EDGE_CURVE('',#1539,#1540,#117,.T.);
#1884=EDGE_CURVE('',#1541,#1540,#882,.T.);
#1885=EDGE_CURVE('',#1538,#1541,#118,.T.);
#1886=EDGE_CURVE('',#1538,#1539,#883,.T.);
#1887=EDGE_CURVE('',#1541,#1538,#119,.T.);
#1888=EDGE_CURVE('',#1541,#1540,#884,.T.);
#1889=EDGE_CURVE('',#1540,#1539,#120,.T.);
#1890=EDGE_CURVE('',#1542,#1534,#885,.T.);
#1891=EDGE_CURVE('',#1541,#1542,#886,.T.);
#1892=EDGE_CURVE('',#1538,#1543,#887,.T.);
#1893=EDGE_CURVE('',#1543,#1537,#888,.T.);
#1894=EDGE_CURVE('',#1544,#1530,#889,.T.);
#1895=EDGE_CURVE('',#1545,#1544,#890,.T.);
#1896=EDGE_CURVE('',#1545,#1538,#891,.T.);
#1897=EDGE_CURVE('',#1546,#1541,#892,.T.);
#1898=EDGE_CURVE('',#1547,#1546,#893,.T.);
#1899=EDGE_CURVE('',#1533,#1547,#894,.T.);
#1900=EDGE_CURVE('',#1548,#1533,#895,.T.);
#1901=EDGE_CURVE('',#1534,#1548,#896,.T.);
#1902=EDGE_CURVE('',#1537,#1549,#897,.T.);
#1903=EDGE_CURVE('',#1530,#1549,#898,.T.);
#1904=EDGE_CURVE('',#1550,#1551,#899,.T.);
#1905=EDGE_CURVE('',#1551,#1552,#900,.T.);
#1906=EDGE_CURVE('',#1552,#1553,#901,.T.);
#1907=EDGE_CURVE('',#1550,#1553,#902,.T.);
#1908=EDGE_CURVE('',#1551,#1554,#903,.T.);
#1909=EDGE_CURVE('',#1554,#1555,#904,.T.);
#1910=EDGE_CURVE('',#1555,#1552,#905,.T.);
#1911=EDGE_CURVE('',#1554,#1556,#906,.T.);
#1912=EDGE_CURVE('',#1556,#1557,#907,.T.);
#1913=EDGE_CURVE('',#1557,#1555,#908,.T.);
#1914=EDGE_CURVE('',#1556,#1550,#909,.T.);
#1915=EDGE_CURVE('',#1553,#1557,#910,.T.);
#1916=EDGE_CURVE('',#1558,#1559,#911,.T.);
#1917=EDGE_CURVE('',#1559,#1560,#912,.T.);
#1918=EDGE_CURVE('',#1560,#1561,#913,.T.);
#1919=EDGE_CURVE('',#1558,#1561,#914,.T.);
#1920=EDGE_CURVE('',#1559,#1562,#915,.T.);
#1921=EDGE_CURVE('',#1562,#1563,#916,.T.);
#1922=EDGE_CURVE('',#1563,#1560,#917,.T.);
#1923=EDGE_CURVE('',#1562,#1564,#918,.T.);
#1924=EDGE_CURVE('',#1564,#1565,#919,.T.);
#1925=EDGE_CURVE('',#1565,#1563,#920,.T.);
#1926=EDGE_CURVE('',#1564,#1558,#921,.T.);
#1927=EDGE_CURVE('',#1561,#1565,#922,.T.);
#1928=EDGE_CURVE('',#1566,#1567,#923,.T.);
#1929=EDGE_CURVE('',#1567,#1568,#924,.T.);
#1930=EDGE_CURVE('',#1568,#1569,#925,.T.);
#1931=EDGE_CURVE('',#1566,#1569,#926,.T.);
#1932=EDGE_CURVE('',#1567,#1570,#927,.T.);
#1933=EDGE_CURVE('',#1570,#1571,#928,.T.);
#1934=EDGE_CURVE('',#1571,#1568,#929,.T.);
#1935=EDGE_CURVE('',#1570,#1572,#930,.T.);
#1936=EDGE_CURVE('',#1572,#1573,#931,.T.);
#1937=EDGE_CURVE('',#1573,#1571,#932,.T.);
#1938=EDGE_CURVE('',#1572,#1566,#933,.T.);
#1939=EDGE_CURVE('',#1569,#1573,#934,.T.);
#1940=EDGE_CURVE('',#1574,#1575,#935,.T.);
#1941=EDGE_CURVE('',#1575,#1576,#936,.T.);
#1942=EDGE_CURVE('',#1576,#1577,#937,.T.);
#1943=EDGE_CURVE('',#1574,#1577,#938,.T.);
#1944=EDGE_CURVE('',#1575,#1578,#939,.T.);
#1945=EDGE_CURVE('',#1578,#1579,#940,.T.);
#1946=EDGE_CURVE('',#1579,#1576,#941,.T.);
#1947=EDGE_CURVE('',#1578,#1580,#942,.T.);
#1948=EDGE_CURVE('',#1580,#1581,#943,.T.);
#1949=EDGE_CURVE('',#1581,#1579,#944,.T.);
#1950=EDGE_CURVE('',#1580,#1574,#945,.T.);
#1951=EDGE_CURVE('',#1577,#1581,#946,.T.);
#1952=EDGE_CURVE('',#1542,#1582,#947,.T.);
#1953=EDGE_CURVE('',#1582,#1583,#948,.T.);
#1954=EDGE_CURVE('',#1546,#1583,#949,.T.);
#1955=EDGE_CURVE('',#1583,#1584,#950,.T.);
#1956=EDGE_CURVE('',#1547,#1584,#951,.T.);
#1957=EDGE_CURVE('',#1584,#1585,#952,.T.);
#1958=EDGE_CURVE('',#1548,#1585,#953,.T.);
#1959=EDGE_CURVE('',#1585,#1582,#954,.T.);
#1960=EDGE_CURVE('',#1586,#1587,#955,.F.);
#1961=EDGE_CURVE('',#1587,#1588,#956,.T.);
#1962=EDGE_CURVE('',#1588,#1589,#957,.T.);
#1963=EDGE_CURVE('',#1586,#1589,#958,.F.);
#1964=EDGE_CURVE('',#1590,#1586,#959,.F.);
#1965=EDGE_CURVE('',#1589,#1591,#960,.T.);
#1966=EDGE_CURVE('',#1590,#1591,#961,.F.);
#1967=EDGE_CURVE('',#1592,#1590,#962,.F.);
#1968=EDGE_CURVE('',#1591,#1593,#963,.T.);
#1969=EDGE_CURVE('',#1592,#1593,#964,.F.);
#1970=EDGE_CURVE('',#1587,#1592,#965,.F.);
#1971=EDGE_CURVE('',#1593,#1588,#966,.T.);
#1972=EDGE_CURVE('',#1594,#1545,#967,.T.);
#1973=EDGE_CURVE('',#1594,#1595,#968,.T.);
#1974=EDGE_CURVE('',#1595,#1543,#969,.T.);
#1975=EDGE_CURVE('',#1596,#1594,#970,.T.);
#1976=EDGE_CURVE('',#1596,#1597,#971,.T.);
#1977=EDGE_CURVE('',#1597,#1595,#972,.T.);
#1978=EDGE_CURVE('',#1544,#1596,#973,.T.);
#1979=EDGE_CURVE('',#1549,#1597,#974,.T.);
#1980=EDGE_CURVE('',#1598,#1599,#121,.T.);
#1981=EDGE_CURVE('',#1599,#1598,#122,.T.);
#1982=EDGE_CURVE('',#1599,#1600,#123,.T.);
#1983=EDGE_CURVE('',#1600,#1600,#124,.T.);
#1984=EDGE_CURVE('',#1598,#1601,#975,.T.);
#1985=EDGE_CURVE('',#1601,#1601,#125,.T.);
#1986=EDGE_CURVE('',#1602,#1603,#126,.T.);
#1987=EDGE_CURVE('',#1603,#1604,#976,.T.);
#1988=EDGE_CURVE('',#1604,#1605,#127,.T.);
#1989=EDGE_CURVE('',#1602,#1605,#977,.T.);
#1990=EDGE_CURVE('',#1606,#1603,#978,.T.);
#1991=EDGE_CURVE('',#1606,#1607,#979,.T.);
#1992=EDGE_CURVE('',#1607,#1604,#980,.T.);
#1993=EDGE_CURVE('',#1608,#1606,#981,.T.);
#1994=EDGE_CURVE('',#1608,#1609,#982,.T.);
#1995=EDGE_CURVE('',#1609,#1607,#983,.T.);
#1996=EDGE_CURVE('',#1608,#1602,#984,.T.);
#1997=EDGE_CURVE('',#1605,#1609,#985,.T.);
#1998=EDGE_CURVE('',#1610,#1611,#986,.T.);
#1999=EDGE_CURVE('',#1612,#1610,#128,.T.);
#2000=EDGE_CURVE('',#1612,#1613,#987,.T.);
#2001=EDGE_CURVE('',#1613,#1611,#129,.T.);
#2002=EDGE_CURVE('',#1614,#1615,#988,.T.);
#2003=EDGE_CURVE('',#1616,#1614,#130,.T.);
#2004=EDGE_CURVE('',#1616,#1617,#989,.T.);
#2005=EDGE_CURVE('',#1617,#1615,#131,.T.);
#2006=EDGE_CURVE('',#1618,#1618,#132,.T.);
#2007=EDGE_CURVE('',#1618,#1619,#990,.T.);
#2008=EDGE_CURVE('',#1619,#1619,#133,.T.);
#2009=EDGE_CURVE('',#1618,#1619,#991,.T.);
#2010=EDGE_CURVE('',#1615,#1617,#134,.T.);
#2011=EDGE_CURVE('',#1616,#1617,#992,.T.);
#2012=EDGE_CURVE('',#1614,#1616,#135,.T.);
#2013=EDGE_CURVE('',#1611,#1613,#136,.T.);
#2014=EDGE_CURVE('',#1612,#1613,#993,.T.);
#2015=EDGE_CURVE('',#1610,#1612,#137,.T.);
#2016=EDGE_CURVE('',#1620,#1618,#994,.T.);
#2017=EDGE_CURVE('',#1618,#1621,#995,.T.);
#2018=EDGE_CURVE('',#1621,#1616,#996,.T.);
#2019=EDGE_CURVE('',#1616,#1622,#997,.T.);
#2020=EDGE_CURVE('',#1622,#1612,#998,.T.);
#2021=EDGE_CURVE('',#1612,#1623,#999,.T.);
#2022=EDGE_CURVE('',#1623,#1620,#1000,.T.);
#2023=EDGE_CURVE('',#1623,#1624,#1001,.T.);
#2024=EDGE_CURVE('',#1624,#1625,#1002,.T.);
#2025=EDGE_CURVE('',#1620,#1625,#1003,.T.);
#2026=EDGE_CURVE('',#1622,#1626,#1004,.T.);
#2027=EDGE_CURVE('',#1626,#1624,#1005,.T.);
#2028=EDGE_CURVE('',#1621,#1627,#1006,.T.);
#2029=EDGE_CURVE('',#1627,#1626,#1007,.T.);
#2030=EDGE_CURVE('',#1625,#1627,#1008,.T.);
#2031=EDGE_CURVE('',#1628,#1628,#138,.T.);
#2032=EDGE_CURVE('',#1628,#1629,#139,.T.);
#2033=EDGE_CURVE('',#1629,#1630,#140,.T.);
#2034=EDGE_CURVE('',#1630,#1629,#141,.T.);
#2035=EDGE_CURVE('',#1631,#1631,#142,.F.);
#2036=EDGE_CURVE('',#1631,#1630,#1009,.T.);
#2037=EDGE_CURVE('',#1632,#1633,#1010,.T.);
#2038=EDGE_CURVE('',#1633,#1634,#1011,.T.);
#2039=EDGE_CURVE('',#1634,#1635,#1012,.T.);
#2040=EDGE_CURVE('',#1632,#1635,#1013,.T.);
#2041=EDGE_CURVE('',#1636,#1633,#143,.T.);
#2042=EDGE_CURVE('',#1636,#1637,#1014,.T.);
#2043=EDGE_CURVE('',#1637,#1634,#144,.T.);
#2044=EDGE_CURVE('',#1638,#1636,#1015,.T.);
#2045=EDGE_CURVE('',#1638,#1639,#1016,.T.);
#2046=EDGE_CURVE('',#1639,#1637,#1017,.T.);
#2047=EDGE_CURVE('',#1638,#1632,#1018,.T.);
#2048=EDGE_CURVE('',#1635,#1639,#1019,.T.);
#2049=EDGE_CURVE('',#1640,#1641,#1020,.T.);
#2050=EDGE_CURVE('',#1641,#1642,#1021,.T.);
#2051=EDGE_CURVE('',#1643,#1642,#1022,.T.);
#2052=EDGE_CURVE('',#1640,#1643,#1023,.T.);
#2053=EDGE_CURVE('',#1644,#1640,#1024,.T.);
#2054=EDGE_CURVE('',#1645,#1643,#1025,.T.);
#2055=EDGE_CURVE('',#1644,#1645,#1026,.T.);
#2056=EDGE_CURVE('',#1646,#1644,#1027,.T.);
#2057=EDGE_CURVE('',#1647,#1645,#1028,.T.);
#2058=EDGE_CURVE('',#1646,#1647,#1029,.T.);
#2059=EDGE_CURVE('',#1641,#1646,#1030,.T.);
#2060=EDGE_CURVE('',#1642,#1647,#1031,.T.);
#2061=EDGE_CURVE('',#1648,#1649,#1032,.T.);
#2062=EDGE_CURVE('',#1649,#1650,#1033,.T.);
#2063=EDGE_CURVE('',#1651,#1650,#1034,.T.);
#2064=EDGE_CURVE('',#1648,#1651,#1035,.T.);
#2065=EDGE_CURVE('',#1652,#1648,#1036,.T.);
#2066=EDGE_CURVE('',#1653,#1651,#1037,.T.);
#2067=EDGE_CURVE('',#1652,#1653,#1038,.T.);
#2068=EDGE_CURVE('',#1654,#1652,#1039,.T.);
#2069=EDGE_CURVE('',#1655,#1653,#1040,.T.);
#2070=EDGE_CURVE('',#1654,#1655,#1041,.T.);
#2071=EDGE_CURVE('',#1649,#1654,#1042,.T.);
#2072=EDGE_CURVE('',#1650,#1655,#1043,.T.);
#2073=EDGE_CURVE('',#1656,#1657,#1044,.T.);
#2074=EDGE_CURVE('',#1657,#1658,#1045,.T.);
#2075=EDGE_CURVE('',#1659,#1658,#1046,.T.);
#2076=EDGE_CURVE('',#1656,#1659,#1047,.T.);
#2077=EDGE_CURVE('',#1660,#1656,#1048,.T.);
#2078=EDGE_CURVE('',#1661,#1659,#1049,.T.);
#2079=EDGE_CURVE('',#1660,#1661,#1050,.T.);
#2080=EDGE_CURVE('',#1662,#1660,#1051,.T.);
#2081=EDGE_CURVE('',#1663,#1661,#1052,.T.);
#2082=EDGE_CURVE('',#1662,#1663,#1053,.T.);
#2083=EDGE_CURVE('',#1657,#1662,#1054,.T.);
#2084=EDGE_CURVE('',#1658,#1663,#1055,.T.);
#2085=EDGE_CURVE('',#1664,#1665,#1056,.T.);
#2086=EDGE_CURVE('',#1665,#1666,#1057,.T.);
#2087=EDGE_CURVE('',#1667,#1666,#1058,.T.);
#2088=EDGE_CURVE('',#1664,#1667,#1059,.T.);
#2089=EDGE_CURVE('',#1668,#1664,#1060,.T.);
#2090=EDGE_CURVE('',#1669,#1667,#1061,.T.);
#2091=EDGE_CURVE('',#1668,#1669,#1062,.T.);
#2092=EDGE_CURVE('',#1670,#1668,#1063,.T.);
#2093=EDGE_CURVE('',#1671,#1669,#1064,.T.);
#2094=EDGE_CURVE('',#1670,#1671,#1065,.T.);
#2095=EDGE_CURVE('',#1665,#1670,#1066,.T.);
#2096=EDGE_CURVE('',#1666,#1671,#1067,.T.);
#2097=ORIENTED_EDGE('',*,*,#1672,.T.);
#2098=ORIENTED_EDGE('',*,*,#1673,.T.);
#2099=ORIENTED_EDGE('',*,*,#1674,.T.);
#2100=ORIENTED_EDGE('',*,*,#1675,.T.);
#2101=ORIENTED_EDGE('',*,*,#1676,.T.);
#2102=ORIENTED_EDGE('',*,*,#1673,.F.);
#2103=ORIENTED_EDGE('',*,*,#1677,.T.);
#2104=ORIENTED_EDGE('',*,*,#1678,.T.);
#2105=ORIENTED_EDGE('',*,*,#1679,.T.);
#2106=ORIENTED_EDGE('',*,*,#1675,.F.);
#2107=ORIENTED_EDGE('',*,*,#1680,.T.);
#2108=ORIENTED_EDGE('',*,*,#1681,.T.);
#2109=ORIENTED_EDGE('',*,*,#1682,.T.);
#2110=ORIENTED_EDGE('',*,*,#1683,.T.);
#2111=ORIENTED_EDGE('',*,*,#1678,.F.);
#2112=ORIENTED_EDGE('',*,*,#1684,.T.);
#2113=ORIENTED_EDGE('',*,*,#1681,.F.);
#2114=ORIENTED_EDGE('',*,*,#1685,.T.);
#2115=ORIENTED_EDGE('',*,*,#1686,.T.);
#2116=ORIENTED_EDGE('',*,*,#1687,.T.);
#2117=ORIENTED_EDGE('',*,*,#1682,.F.);
#2118=ORIENTED_EDGE('',*,*,#1688,.F.);
#2119=ORIENTED_EDGE('',*,*,#1689,.F.);
#2120=ORIENTED_EDGE('',*,*,#1690,.T.);
#2121=ORIENTED_EDGE('',*,*,#1691,.F.);
#2122=ORIENTED_EDGE('',*,*,#1687,.F.);
#2123=ORIENTED_EDGE('',*,*,#1692,.F.);
#2124=ORIENTED_EDGE('',*,*,#1693,.F.);
#2125=ORIENTED_EDGE('',*,*,#1688,.T.);
#2126=ORIENTED_EDGE('',*,*,#1694,.T.);
#2127=ORIENTED_EDGE('',*,*,#1695,.T.);
#2128=ORIENTED_EDGE('',*,*,#1696,.T.);
#2129=ORIENTED_EDGE('',*,*,#1697,.T.);
#2130=ORIENTED_EDGE('',*,*,#1698,.T.);
#2131=ORIENTED_EDGE('',*,*,#1699,.T.);
#2132=ORIENTED_EDGE('',*,*,#1700,.T.);
#2133=ORIENTED_EDGE('',*,*,#1701,.T.);
#2134=ORIENTED_EDGE('',*,*,#1702,.T.);
#2135=ORIENTED_EDGE('',*,*,#1703,.T.);
#2136=ORIENTED_EDGE('',*,*,#1704,.T.);
#2137=ORIENTED_EDGE('',*,*,#1705,.T.);
#2138=ORIENTED_EDGE('',*,*,#1706,.T.);
#2139=ORIENTED_EDGE('',*,*,#1707,.T.);
#2140=ORIENTED_EDGE('',*,*,#1708,.T.);
#2141=ORIENTED_EDGE('',*,*,#1709,.T.);
#2142=ORIENTED_EDGE('',*,*,#1683,.F.);
#2143=ORIENTED_EDGE('',*,*,#1691,.T.);
#2144=ORIENTED_EDGE('',*,*,#1710,.T.);
#2145=ORIENTED_EDGE('',*,*,#1711,.T.);
#2146=ORIENTED_EDGE('',*,*,#1685,.F.);
#2147=ORIENTED_EDGE('',*,*,#1712,.T.);
#2148=ORIENTED_EDGE('',*,*,#1713,.T.);
#2149=ORIENTED_EDGE('',*,*,#1714,.T.);
#2150=ORIENTED_EDGE('',*,*,#1715,.F.);
#2151=ORIENTED_EDGE('',*,*,#1716,.T.);
#2152=ORIENTED_EDGE('',*,*,#1717,.T.);
#2153=ORIENTED_EDGE('',*,*,#1686,.F.);
#2154=ORIENTED_EDGE('',*,*,#1711,.F.);
#2155=ORIENTED_EDGE('',*,*,#1718,.F.);
#2156=ORIENTED_EDGE('',*,*,#1719,.F.);
#2157=ORIENTED_EDGE('',*,*,#1692,.T.);
#2158=ORIENTED_EDGE('',*,*,#1672,.F.);
#2159=ORIENTED_EDGE('',*,*,#1679,.F.);
#2160=ORIENTED_EDGE('',*,*,#1684,.F.);
#2161=ORIENTED_EDGE('',*,*,#1677,.F.);
#2162=ORIENTED_EDGE('',*,*,#1720,.T.);
#2163=ORIENTED_EDGE('',*,*,#1721,.T.);
#2164=ORIENTED_EDGE('',*,*,#1722,.F.);
#2165=ORIENTED_EDGE('',*,*,#1723,.F.);
#2166=ORIENTED_EDGE('',*,*,#1724,.F.);
#2167=ORIENTED_EDGE('',*,*,#1725,.F.);
#2168=ORIENTED_EDGE('',*,*,#1726,.T.);
#2169=ORIENTED_EDGE('',*,*,#1727,.T.);
#2170=ORIENTED_EDGE('',*,*,#1721,.F.);
#2171=ORIENTED_EDGE('',*,*,#1727,.F.);
#2172=ORIENTED_EDGE('',*,*,#1728,.T.);
#2173=ORIENTED_EDGE('',*,*,#1729,.T.);
#2174=ORIENTED_EDGE('',*,*,#1714,.F.);
#2175=ORIENTED_EDGE('',*,*,#1730,.F.);
#2176=ORIENTED_EDGE('',*,*,#1731,.F.);
#2177=ORIENTED_EDGE('',*,*,#1732,.F.);
#2178=ORIENTED_EDGE('',*,*,#1715,.T.);
#2179=ORIENTED_EDGE('',*,*,#1733,.T.);
#2180=ORIENTED_EDGE('',*,*,#1729,.F.);
#2181=ORIENTED_EDGE('',*,*,#1733,.F.);
#2182=ORIENTED_EDGE('',*,*,#1734,.T.);
#2183=ORIENTED_EDGE('',*,*,#1735,.T.);
#2184=ORIENTED_EDGE('',*,*,#1736,.F.);
#2185=ORIENTED_EDGE('',*,*,#1737,.F.);
#2186=ORIENTED_EDGE('',*,*,#1738,.F.);
#2187=ORIENTED_EDGE('',*,*,#1739,.F.);
#2188=ORIENTED_EDGE('',*,*,#1740,.T.);
#2189=ORIENTED_EDGE('',*,*,#1741,.T.);
#2190=ORIENTED_EDGE('',*,*,#1741,.F.);
#2191=ORIENTED_EDGE('',*,*,#1735,.F.);
#2192=ORIENTED_EDGE('',*,*,#1732,.T.);
#2193=ORIENTED_EDGE('',*,*,#1742,.T.);
#2194=ORIENTED_EDGE('',*,*,#1743,.T.);
#2195=ORIENTED_EDGE('',*,*,#1739,.T.);
#2196=ORIENTED_EDGE('',*,*,#1744,.T.);
#2197=ORIENTED_EDGE('',*,*,#1716,.F.);
#2198=ORIENTED_EDGE('',*,*,#1725,.T.);
#2199=ORIENTED_EDGE('',*,*,#1745,.F.);
#2200=ORIENTED_EDGE('',*,*,#1746,.T.);
#2201=ORIENTED_EDGE('',*,*,#1747,.T.);
#2202=ORIENTED_EDGE('',*,*,#1737,.T.);
#2203=ORIENTED_EDGE('',*,*,#1748,.T.);
#2204=ORIENTED_EDGE('',*,*,#1749,.T.);
#2205=ORIENTED_EDGE('',*,*,#1750,.T.);
#2206=ORIENTED_EDGE('',*,*,#1723,.T.);
#2207=ORIENTED_EDGE('',*,*,#1751,.T.);
#2208=ORIENTED_EDGE('',*,*,#1752,.T.);
#2209=ORIENTED_EDGE('',*,*,#1730,.T.);
#2210=ORIENTED_EDGE('',*,*,#1713,.F.);
#2211=ORIENTED_EDGE('',*,*,#1753,.F.);
#2212=ORIENTED_EDGE('',*,*,#1706,.F.);
#2213=ORIENTED_EDGE('',*,*,#1754,.T.);
#2214=ORIENTED_EDGE('',*,*,#1755,.F.);
#2215=ORIENTED_EDGE('',*,*,#1756,.F.);
#2216=ORIENTED_EDGE('',*,*,#1707,.F.);
#2217=ORIENTED_EDGE('',*,*,#1756,.T.);
#2218=ORIENTED_EDGE('',*,*,#1757,.F.);
#2219=ORIENTED_EDGE('',*,*,#1758,.F.);
#2220=ORIENTED_EDGE('',*,*,#1708,.F.);
#2221=ORIENTED_EDGE('',*,*,#1758,.T.);
#2222=ORIENTED_EDGE('',*,*,#1759,.F.);
#2223=ORIENTED_EDGE('',*,*,#1760,.F.);
#2224=ORIENTED_EDGE('',*,*,#1709,.F.);
#2225=ORIENTED_EDGE('',*,*,#1760,.T.);
#2226=ORIENTED_EDGE('',*,*,#1761,.F.);
#2227=ORIENTED_EDGE('',*,*,#1754,.F.);
#2228=ORIENTED_EDGE('',*,*,#1761,.T.);
#2229=ORIENTED_EDGE('',*,*,#1759,.T.);
#2230=ORIENTED_EDGE('',*,*,#1757,.T.);
#2231=ORIENTED_EDGE('',*,*,#1755,.T.);
#2232=ORIENTED_EDGE('',*,*,#1702,.F.);
#2233=ORIENTED_EDGE('',*,*,#1762,.T.);
#2234=ORIENTED_EDGE('',*,*,#1763,.F.);
#2235=ORIENTED_EDGE('',*,*,#1764,.F.);
#2236=ORIENTED_EDGE('',*,*,#1703,.F.);
#2237=ORIENTED_EDGE('',*,*,#1764,.T.);
#2238=ORIENTED_EDGE('',*,*,#1765,.F.);
#2239=ORIENTED_EDGE('',*,*,#1766,.F.);
#2240=ORIENTED_EDGE('',*,*,#1704,.F.);
#2241=ORIENTED_EDGE('',*,*,#1766,.T.);
#2242=ORIENTED_EDGE('',*,*,#1767,.F.);
#2243=ORIENTED_EDGE('',*,*,#1768,.F.);
#2244=ORIENTED_EDGE('',*,*,#1705,.F.);
#2245=ORIENTED_EDGE('',*,*,#1768,.T.);
#2246=ORIENTED_EDGE('',*,*,#1769,.F.);
#2247=ORIENTED_EDGE('',*,*,#1762,.F.);
#2248=ORIENTED_EDGE('',*,*,#1769,.T.);
#2249=ORIENTED_EDGE('',*,*,#1767,.T.);
#2250=ORIENTED_EDGE('',*,*,#1765,.T.);
#2251=ORIENTED_EDGE('',*,*,#1763,.T.);
#2252=ORIENTED_EDGE('',*,*,#1698,.F.);
#2253=ORIENTED_EDGE('',*,*,#1770,.T.);
#2254=ORIENTED_EDGE('',*,*,#1771,.F.);
#2255=ORIENTED_EDGE('',*,*,#1772,.F.);
#2256=ORIENTED_EDGE('',*,*,#1699,.F.);
#2257=ORIENTED_EDGE('',*,*,#1772,.T.);
#2258=ORIENTED_EDGE('',*,*,#1773,.F.);
#2259=ORIENTED_EDGE('',*,*,#1774,.F.);
#2260=ORIENTED_EDGE('',*,*,#1700,.F.);
#2261=ORIENTED_EDGE('',*,*,#1774,.T.);
#2262=ORIENTED_EDGE('',*,*,#1775,.F.);
#2263=ORIENTED_EDGE('',*,*,#1776,.F.);
#2264=ORIENTED_EDGE('',*,*,#1701,.F.);
#2265=ORIENTED_EDGE('',*,*,#1776,.T.);
#2266=ORIENTED_EDGE('',*,*,#1777,.F.);
#2267=ORIENTED_EDGE('',*,*,#1770,.F.);
#2268=ORIENTED_EDGE('',*,*,#1777,.T.);
#2269=ORIENTED_EDGE('',*,*,#1775,.T.);
#2270=ORIENTED_EDGE('',*,*,#1773,.T.);
#2271=ORIENTED_EDGE('',*,*,#1771,.T.);
#2272=ORIENTED_EDGE('',*,*,#1694,.F.);
#2273=ORIENTED_EDGE('',*,*,#1778,.T.);
#2274=ORIENTED_EDGE('',*,*,#1779,.F.);
#2275=ORIENTED_EDGE('',*,*,#1780,.F.);
#2276=ORIENTED_EDGE('',*,*,#1695,.F.);
#2277=ORIENTED_EDGE('',*,*,#1780,.T.);
#2278=ORIENTED_EDGE('',*,*,#1781,.F.);
#2279=ORIENTED_EDGE('',*,*,#1782,.F.);
#2280=ORIENTED_EDGE('',*,*,#1696,.F.);
#2281=ORIENTED_EDGE('',*,*,#1782,.T.);
#2282=ORIENTED_EDGE('',*,*,#1783,.F.);
#2283=ORIENTED_EDGE('',*,*,#1784,.F.);
#2284=ORIENTED_EDGE('',*,*,#1697,.F.);
#2285=ORIENTED_EDGE('',*,*,#1784,.T.);
#2286=ORIENTED_EDGE('',*,*,#1785,.F.);
#2287=ORIENTED_EDGE('',*,*,#1778,.F.);
#2288=ORIENTED_EDGE('',*,*,#1785,.T.);
#2289=ORIENTED_EDGE('',*,*,#1783,.T.);
#2290=ORIENTED_EDGE('',*,*,#1781,.T.);
#2291=ORIENTED_EDGE('',*,*,#1779,.T.);
#2292=ORIENTED_EDGE('',*,*,#1750,.F.);
#2293=ORIENTED_EDGE('',*,*,#1786,.T.);
#2294=ORIENTED_EDGE('',*,*,#1787,.F.);
#2295=ORIENTED_EDGE('',*,*,#1788,.F.);
#2296=ORIENTED_EDGE('',*,*,#1751,.F.);
#2297=ORIENTED_EDGE('',*,*,#1722,.T.);
#2298=ORIENTED_EDGE('',*,*,#1726,.F.);
#2299=ORIENTED_EDGE('',*,*,#1749,.F.);
#2300=ORIENTED_EDGE('',*,*,#1789,.T.);
#2301=ORIENTED_EDGE('',*,*,#1790,.F.);
#2302=ORIENTED_EDGE('',*,*,#1786,.F.);
#2303=ORIENTED_EDGE('',*,*,#1743,.F.);
#2304=ORIENTED_EDGE('',*,*,#1791,.T.);
#2305=ORIENTED_EDGE('',*,*,#1792,.F.);
#2306=ORIENTED_EDGE('',*,*,#1789,.F.);
#2307=ORIENTED_EDGE('',*,*,#1748,.F.);
#2308=ORIENTED_EDGE('',*,*,#1736,.T.);
#2309=ORIENTED_EDGE('',*,*,#1740,.F.);
#2310=ORIENTED_EDGE('',*,*,#1752,.F.);
#2311=ORIENTED_EDGE('',*,*,#1788,.T.);
#2312=ORIENTED_EDGE('',*,*,#1793,.F.);
#2313=ORIENTED_EDGE('',*,*,#1791,.F.);
#2314=ORIENTED_EDGE('',*,*,#1742,.F.);
#2315=ORIENTED_EDGE('',*,*,#1731,.T.);
#2316=ORIENTED_EDGE('',*,*,#1728,.F.);
#2317=ORIENTED_EDGE('',*,*,#1794,.F.);
#2318=ORIENTED_EDGE('',*,*,#1718,.T.);
#2319=ORIENTED_EDGE('',*,*,#1710,.F.);
#2320=ORIENTED_EDGE('',*,*,#1690,.F.);
#2321=ORIENTED_EDGE('',*,*,#1787,.T.);
#2322=ORIENTED_EDGE('',*,*,#1790,.T.);
#2323=ORIENTED_EDGE('',*,*,#1792,.T.);
#2324=ORIENTED_EDGE('',*,*,#1793,.T.);
#2325=ORIENTED_EDGE('',*,*,#1689,.T.);
#2326=ORIENTED_EDGE('',*,*,#1693,.T.);
#2327=ORIENTED_EDGE('',*,*,#1719,.T.);
#2328=ORIENTED_EDGE('',*,*,#1794,.T.);
#2329=ORIENTED_EDGE('',*,*,#1680,.F.);
#2330=ORIENTED_EDGE('',*,*,#1795,.T.);
#2331=ORIENTED_EDGE('',*,*,#1745,.T.);
#2332=ORIENTED_EDGE('',*,*,#1724,.T.);
#2333=ORIENTED_EDGE('',*,*,#1720,.F.);
#2334=ORIENTED_EDGE('',*,*,#1753,.T.);
#2335=ORIENTED_EDGE('',*,*,#1712,.F.);
#2336=ORIENTED_EDGE('',*,*,#1676,.F.);
#2337=ORIENTED_EDGE('',*,*,#1717,.F.);
#2338=ORIENTED_EDGE('',*,*,#1744,.F.);
#2339=ORIENTED_EDGE('',*,*,#1738,.T.);
#2340=ORIENTED_EDGE('',*,*,#1734,.F.);
#2341=ORIENTED_EDGE('',*,*,#1747,.F.);
#2342=ORIENTED_EDGE('',*,*,#1796,.T.);
#2343=ORIENTED_EDGE('',*,*,#1674,.F.);
#2344=ORIENTED_EDGE('',*,*,#1796,.F.);
#2345=ORIENTED_EDGE('',*,*,#1746,.F.);
#2346=ORIENTED_EDGE('',*,*,#1795,.F.);
#2347=ORIENTED_EDGE('',*,*,#1797,.T.);
#2348=ORIENTED_EDGE('',*,*,#1798,.T.);
#2349=ORIENTED_EDGE('',*,*,#1799,.T.);
#2350=ORIENTED_EDGE('',*,*,#1798,.F.);
#2351=ORIENTED_EDGE('',*,*,#1800,.T.);
#2352=ORIENTED_EDGE('',*,*,#1797,.F.);
#2353=ORIENTED_EDGE('',*,*,#1801,.T.);
#2354=ORIENTED_EDGE('',*,*,#1802,.F.);
#2355=ORIENTED_EDGE('',*,*,#1801,.F.);
#2356=ORIENTED_EDGE('',*,*,#1800,.F.);
#2357=ORIENTED_EDGE('',*,*,#1799,.F.);
#2358=ORIENTED_EDGE('',*,*,#1803,.F.);
#2359=ORIENTED_EDGE('',*,*,#1804,.T.);
#2360=ORIENTED_EDGE('',*,*,#1805,.F.);
#2361=ORIENTED_EDGE('',*,*,#1806,.F.);
#2362=ORIENTED_EDGE('',*,*,#1807,.T.);
#2363=ORIENTED_EDGE('',*,*,#1806,.T.);
#2364=ORIENTED_EDGE('',*,*,#1808,.F.);
#2365=ORIENTED_EDGE('',*,*,#1809,.F.);
#2366=ORIENTED_EDGE('',*,*,#1810,.T.);
#2367=ORIENTED_EDGE('',*,*,#1809,.T.);
#2368=ORIENTED_EDGE('',*,*,#1811,.F.);
#2369=ORIENTED_EDGE('',*,*,#1812,.F.);
#2370=ORIENTED_EDGE('',*,*,#1813,.F.);
#2371=ORIENTED_EDGE('',*,*,#1812,.T.);
#2372=ORIENTED_EDGE('',*,*,#1814,.F.);
#2373=ORIENTED_EDGE('',*,*,#1804,.F.);
#2374=ORIENTED_EDGE('',*,*,#1813,.T.);
#2375=ORIENTED_EDGE('',*,*,#1803,.T.);
#2376=ORIENTED_EDGE('',*,*,#1807,.F.);
#2377=ORIENTED_EDGE('',*,*,#1810,.F.);
#2378=ORIENTED_EDGE('',*,*,#1814,.T.);
#2379=ORIENTED_EDGE('',*,*,#1811,.T.);
#2380=ORIENTED_EDGE('',*,*,#1808,.T.);
#2381=ORIENTED_EDGE('',*,*,#1805,.T.);
#2382=ORIENTED_EDGE('',*,*,#1802,.T.);
#2383=ORIENTED_EDGE('',*,*,#1815,.F.);
#2384=ORIENTED_EDGE('',*,*,#1816,.F.);
#2385=ORIENTED_EDGE('',*,*,#1817,.T.);
#2386=ORIENTED_EDGE('',*,*,#1818,.T.);
#2387=ORIENTED_EDGE('',*,*,#1819,.F.);
#2388=ORIENTED_EDGE('',*,*,#1820,.F.);
#2389=ORIENTED_EDGE('',*,*,#1821,.T.);
#2390=ORIENTED_EDGE('',*,*,#1822,.T.);
#2391=ORIENTED_EDGE('',*,*,#1823,.F.);
#2392=ORIENTED_EDGE('',*,*,#1824,.T.);
#2393=ORIENTED_EDGE('',*,*,#1825,.T.);
#2394=ORIENTED_EDGE('',*,*,#1826,.F.);
#2395=ORIENTED_EDGE('',*,*,#1825,.F.);
#2396=ORIENTED_EDGE('',*,*,#1819,.T.);
#2397=ORIENTED_EDGE('',*,*,#1827,.T.);
#2398=ORIENTED_EDGE('',*,*,#1828,.F.);
#2399=ORIENTED_EDGE('',*,*,#1829,.F.);
#2400=ORIENTED_EDGE('',*,*,#1822,.F.);
#2401=ORIENTED_EDGE('',*,*,#1827,.F.);
#2402=ORIENTED_EDGE('',*,*,#1815,.T.);
#2403=ORIENTED_EDGE('',*,*,#1830,.T.);
#2404=ORIENTED_EDGE('',*,*,#1831,.F.);
#2405=ORIENTED_EDGE('',*,*,#1832,.F.);
#2406=ORIENTED_EDGE('',*,*,#1818,.F.);
#2407=ORIENTED_EDGE('',*,*,#1830,.F.);
#2408=ORIENTED_EDGE('',*,*,#1833,.F.);
#2409=ORIENTED_EDGE('',*,*,#1834,.F.);
#2410=ORIENTED_EDGE('',*,*,#1835,.F.);
#2411=ORIENTED_EDGE('',*,*,#1823,.T.);
#2412=ORIENTED_EDGE('',*,*,#1836,.F.);
#2413=ORIENTED_EDGE('',*,*,#1837,.F.);
#2414=ORIENTED_EDGE('',*,*,#1820,.T.);
#2415=ORIENTED_EDGE('',*,*,#1829,.T.);
#2416=ORIENTED_EDGE('',*,*,#1838,.F.);
#2417=ORIENTED_EDGE('',*,*,#1839,.F.);
#2418=ORIENTED_EDGE('',*,*,#1816,.T.);
#2419=ORIENTED_EDGE('',*,*,#1832,.T.);
#2420=ORIENTED_EDGE('',*,*,#1834,.T.);
#2421=ORIENTED_EDGE('',*,*,#1840,.T.);
#2422=ORIENTED_EDGE('',*,*,#1841,.F.);
#2423=ORIENTED_EDGE('',*,*,#1842,.F.);
#2424=ORIENTED_EDGE('',*,*,#1836,.T.);
#2425=ORIENTED_EDGE('',*,*,#1826,.T.);
#2426=ORIENTED_EDGE('',*,*,#1824,.F.);
#2427=ORIENTED_EDGE('',*,*,#1835,.T.);
#2428=ORIENTED_EDGE('',*,*,#1842,.T.);
#2429=ORIENTED_EDGE('',*,*,#1843,.F.);
#2430=ORIENTED_EDGE('',*,*,#1844,.F.);
#2431=ORIENTED_EDGE('',*,*,#1838,.T.);
#2432=ORIENTED_EDGE('',*,*,#1828,.T.);
#2433=ORIENTED_EDGE('',*,*,#1821,.F.);
#2434=ORIENTED_EDGE('',*,*,#1837,.T.);
#2435=ORIENTED_EDGE('',*,*,#1844,.T.);
#2436=ORIENTED_EDGE('',*,*,#1845,.F.);
#2437=ORIENTED_EDGE('',*,*,#1846,.F.);
#2438=ORIENTED_EDGE('',*,*,#1833,.T.);
#2439=ORIENTED_EDGE('',*,*,#1831,.T.);
#2440=ORIENTED_EDGE('',*,*,#1817,.F.);
#2441=ORIENTED_EDGE('',*,*,#1839,.T.);
#2442=ORIENTED_EDGE('',*,*,#1846,.T.);
#2443=ORIENTED_EDGE('',*,*,#1847,.F.);
#2444=ORIENTED_EDGE('',*,*,#1840,.F.);
#2445=ORIENTED_EDGE('',*,*,#1847,.T.);
#2446=ORIENTED_EDGE('',*,*,#1845,.T.);
#2447=ORIENTED_EDGE('',*,*,#1843,.T.);
#2448=ORIENTED_EDGE('',*,*,#1841,.T.);
#2449=ORIENTED_EDGE('',*,*,#1848,.F.);
#2450=ORIENTED_EDGE('',*,*,#1849,.T.);
#2451=ORIENTED_EDGE('',*,*,#1850,.F.);
#2452=ORIENTED_EDGE('',*,*,#1851,.F.);
#2453=ORIENTED_EDGE('',*,*,#1849,.F.);
#2454=ORIENTED_EDGE('',*,*,#1852,.F.);
#2455=ORIENTED_EDGE('',*,*,#1853,.T.);
#2456=ORIENTED_EDGE('',*,*,#1850,.T.);
#2457=ORIENTED_EDGE('',*,*,#1851,.T.);
#2458=ORIENTED_EDGE('',*,*,#1853,.F.);
#2459=ORIENTED_EDGE('',*,*,#1848,.T.);
#2460=ORIENTED_EDGE('',*,*,#1854,.F.);
#2461=ORIENTED_EDGE('',*,*,#1855,.T.);
#2462=ORIENTED_EDGE('',*,*,#1856,.F.);
#2463=ORIENTED_EDGE('',*,*,#1857,.F.);
#2464=ORIENTED_EDGE('',*,*,#1858,.T.);
#2465=ORIENTED_EDGE('',*,*,#1857,.T.);
#2466=ORIENTED_EDGE('',*,*,#1859,.F.);
#2467=ORIENTED_EDGE('',*,*,#1860,.F.);
#2468=ORIENTED_EDGE('',*,*,#1861,.T.);
#2469=ORIENTED_EDGE('',*,*,#1860,.T.);
#2470=ORIENTED_EDGE('',*,*,#1862,.F.);
#2471=ORIENTED_EDGE('',*,*,#1863,.F.);
#2472=ORIENTED_EDGE('',*,*,#1864,.F.);
#2473=ORIENTED_EDGE('',*,*,#1863,.T.);
#2474=ORIENTED_EDGE('',*,*,#1865,.F.);
#2475=ORIENTED_EDGE('',*,*,#1855,.F.);
#2476=ORIENTED_EDGE('',*,*,#1865,.T.);
#2477=ORIENTED_EDGE('',*,*,#1862,.T.);
#2478=ORIENTED_EDGE('',*,*,#1859,.T.);
#2479=ORIENTED_EDGE('',*,*,#1856,.T.);
#2480=ORIENTED_EDGE('',*,*,#1864,.T.);
#2481=ORIENTED_EDGE('',*,*,#1854,.T.);
#2482=ORIENTED_EDGE('',*,*,#1858,.F.);
#2483=ORIENTED_EDGE('',*,*,#1861,.F.);
#2484=ORIENTED_EDGE('',*,*,#1852,.T.);
#2485=ORIENTED_EDGE('',*,*,#1866,.T.);
#2486=ORIENTED_EDGE('',*,*,#1867,.T.);
#2487=ORIENTED_EDGE('',*,*,#1868,.F.);
#2488=ORIENTED_EDGE('',*,*,#1869,.F.);
#2489=ORIENTED_EDGE('',*,*,#1870,.F.);
#2490=ORIENTED_EDGE('',*,*,#1871,.F.);
#2491=ORIENTED_EDGE('',*,*,#1872,.T.);
#2492=ORIENTED_EDGE('',*,*,#1873,.T.);
#2493=ORIENTED_EDGE('',*,*,#1867,.F.);
#2494=ORIENTED_EDGE('',*,*,#1873,.F.);
#2495=ORIENTED_EDGE('',*,*,#1874,.T.);
#2496=ORIENTED_EDGE('',*,*,#1875,.T.);
#2497=ORIENTED_EDGE('',*,*,#1876,.F.);
#2498=ORIENTED_EDGE('',*,*,#1877,.F.);
#2499=ORIENTED_EDGE('',*,*,#1878,.F.);
#2500=ORIENTED_EDGE('',*,*,#1879,.F.);
#2501=ORIENTED_EDGE('',*,*,#1880,.T.);
#2502=ORIENTED_EDGE('',*,*,#1881,.T.);
#2503=ORIENTED_EDGE('',*,*,#1875,.F.);
#2504=ORIENTED_EDGE('',*,*,#1881,.F.);
#2505=ORIENTED_EDGE('',*,*,#1882,.T.);
#2506=ORIENTED_EDGE('',*,*,#1883,.T.);
#2507=ORIENTED_EDGE('',*,*,#1884,.F.);
#2508=ORIENTED_EDGE('',*,*,#1885,.F.);
#2509=ORIENTED_EDGE('',*,*,#1886,.F.);
#2510=ORIENTED_EDGE('',*,*,#1887,.F.);
#2511=ORIENTED_EDGE('',*,*,#1888,.T.);
#2512=ORIENTED_EDGE('',*,*,#1889,.T.);
#2513=ORIENTED_EDGE('',*,*,#1889,.F.);
#2514=ORIENTED_EDGE('',*,*,#1883,.F.);
#2515=ORIENTED_EDGE('',*,*,#1879,.T.);
#2516=ORIENTED_EDGE('',*,*,#1890,.F.);
#2517=ORIENTED_EDGE('',*,*,#1891,.F.);
#2518=ORIENTED_EDGE('',*,*,#1887,.T.);
#2519=ORIENTED_EDGE('',*,*,#1892,.T.);
#2520=ORIENTED_EDGE('',*,*,#1893,.T.);
#2521=ORIENTED_EDGE('',*,*,#1871,.T.);
#2522=ORIENTED_EDGE('',*,*,#1894,.F.);
#2523=ORIENTED_EDGE('',*,*,#1895,.F.);
#2524=ORIENTED_EDGE('',*,*,#1896,.T.);
#2525=ORIENTED_EDGE('',*,*,#1885,.T.);
#2526=ORIENTED_EDGE('',*,*,#1897,.F.);
#2527=ORIENTED_EDGE('',*,*,#1898,.F.);
#2528=ORIENTED_EDGE('',*,*,#1899,.F.);
#2529=ORIENTED_EDGE('',*,*,#1869,.T.);
#2530=ORIENTED_EDGE('',*,*,#1900,.F.);
#2531=ORIENTED_EDGE('',*,*,#1901,.F.);
#2532=ORIENTED_EDGE('',*,*,#1877,.T.);
#2533=ORIENTED_EDGE('',*,*,#1902,.T.);
#2534=ORIENTED_EDGE('',*,*,#1903,.F.);
#2535=ORIENTED_EDGE('',*,*,#1904,.T.);
#2536=ORIENTED_EDGE('',*,*,#1905,.T.);
#2537=ORIENTED_EDGE('',*,*,#1906,.T.);
#2538=ORIENTED_EDGE('',*,*,#1907,.F.);
#2539=ORIENTED_EDGE('',*,*,#1908,.T.);
#2540=ORIENTED_EDGE('',*,*,#1909,.T.);
#2541=ORIENTED_EDGE('',*,*,#1910,.T.);
#2542=ORIENTED_EDGE('',*,*,#1905,.F.);
#2543=ORIENTED_EDGE('',*,*,#1911,.T.);
#2544=ORIENTED_EDGE('',*,*,#1912,.T.);
#2545=ORIENTED_EDGE('',*,*,#1913,.T.);
#2546=ORIENTED_EDGE('',*,*,#1909,.F.);
#2547=ORIENTED_EDGE('',*,*,#1914,.T.);
#2548=ORIENTED_EDGE('',*,*,#1907,.T.);
#2549=ORIENTED_EDGE('',*,*,#1915,.T.);
#2550=ORIENTED_EDGE('',*,*,#1912,.F.);
#2551=ORIENTED_EDGE('',*,*,#1915,.F.);
#2552=ORIENTED_EDGE('',*,*,#1906,.F.);
#2553=ORIENTED_EDGE('',*,*,#1910,.F.);
#2554=ORIENTED_EDGE('',*,*,#1913,.F.);
#2555=ORIENTED_EDGE('',*,*,#1916,.T.);
#2556=ORIENTED_EDGE('',*,*,#1917,.T.);
#2557=ORIENTED_EDGE('',*,*,#1918,.T.);
#2558=ORIENTED_EDGE('',*,*,#1919,.F.);
#2559=ORIENTED_EDGE('',*,*,#1920,.T.);
#2560=ORIENTED_EDGE('',*,*,#1921,.T.);
#2561=ORIENTED_EDGE('',*,*,#1922,.T.);
#2562=ORIENTED_EDGE('',*,*,#1917,.F.);
#2563=ORIENTED_EDGE('',*,*,#1923,.T.);
#2564=ORIENTED_EDGE('',*,*,#1924,.T.);
#2565=ORIENTED_EDGE('',*,*,#1925,.T.);
#2566=ORIENTED_EDGE('',*,*,#1921,.F.);
#2567=ORIENTED_EDGE('',*,*,#1926,.T.);
#2568=ORIENTED_EDGE('',*,*,#1919,.T.);
#2569=ORIENTED_EDGE('',*,*,#1927,.T.);
#2570=ORIENTED_EDGE('',*,*,#1924,.F.);
#2571=ORIENTED_EDGE('',*,*,#1927,.F.);
#2572=ORIENTED_EDGE('',*,*,#1918,.F.);
#2573=ORIENTED_EDGE('',*,*,#1922,.F.);
#2574=ORIENTED_EDGE('',*,*,#1925,.F.);
#2575=ORIENTED_EDGE('',*,*,#1928,.T.);
#2576=ORIENTED_EDGE('',*,*,#1929,.T.);
#2577=ORIENTED_EDGE('',*,*,#1930,.T.);
#2578=ORIENTED_EDGE('',*,*,#1931,.F.);
#2579=ORIENTED_EDGE('',*,*,#1932,.T.);
#2580=ORIENTED_EDGE('',*,*,#1933,.T.);
#2581=ORIENTED_EDGE('',*,*,#1934,.T.);
#2582=ORIENTED_EDGE('',*,*,#1929,.F.);
#2583=ORIENTED_EDGE('',*,*,#1935,.T.);
#2584=ORIENTED_EDGE('',*,*,#1936,.T.);
#2585=ORIENTED_EDGE('',*,*,#1937,.T.);
#2586=ORIENTED_EDGE('',*,*,#1933,.F.);
#2587=ORIENTED_EDGE('',*,*,#1938,.T.);
#2588=ORIENTED_EDGE('',*,*,#1931,.T.);
#2589=ORIENTED_EDGE('',*,*,#1939,.T.);
#2590=ORIENTED_EDGE('',*,*,#1936,.F.);
#2591=ORIENTED_EDGE('',*,*,#1939,.F.);
#2592=ORIENTED_EDGE('',*,*,#1930,.F.);
#2593=ORIENTED_EDGE('',*,*,#1934,.F.);
#2594=ORIENTED_EDGE('',*,*,#1937,.F.);
#2595=ORIENTED_EDGE('',*,*,#1940,.T.);
#2596=ORIENTED_EDGE('',*,*,#1941,.T.);
#2597=ORIENTED_EDGE('',*,*,#1942,.T.);
#2598=ORIENTED_EDGE('',*,*,#1943,.F.);
#2599=ORIENTED_EDGE('',*,*,#1944,.T.);
#2600=ORIENTED_EDGE('',*,*,#1945,.T.);
#2601=ORIENTED_EDGE('',*,*,#1946,.T.);
#2602=ORIENTED_EDGE('',*,*,#1941,.F.);
#2603=ORIENTED_EDGE('',*,*,#1947,.T.);
#2604=ORIENTED_EDGE('',*,*,#1948,.T.);
#2605=ORIENTED_EDGE('',*,*,#1949,.T.);
#2606=ORIENTED_EDGE('',*,*,#1945,.F.);
#2607=ORIENTED_EDGE('',*,*,#1950,.T.);
#2608=ORIENTED_EDGE('',*,*,#1943,.T.);
#2609=ORIENTED_EDGE('',*,*,#1951,.T.);
#2610=ORIENTED_EDGE('',*,*,#1948,.F.);
#2611=ORIENTED_EDGE('',*,*,#1951,.F.);
#2612=ORIENTED_EDGE('',*,*,#1942,.F.);
#2613=ORIENTED_EDGE('',*,*,#1946,.F.);
#2614=ORIENTED_EDGE('',*,*,#1949,.F.);
#2615=ORIENTED_EDGE('',*,*,#1897,.T.);
#2616=ORIENTED_EDGE('',*,*,#1884,.T.);
#2617=ORIENTED_EDGE('',*,*,#1888,.F.);
#2618=ORIENTED_EDGE('',*,*,#1891,.T.);
#2619=ORIENTED_EDGE('',*,*,#1952,.T.);
#2620=ORIENTED_EDGE('',*,*,#1953,.T.);
#2621=ORIENTED_EDGE('',*,*,#1954,.F.);
#2622=ORIENTED_EDGE('',*,*,#1898,.T.);
#2623=ORIENTED_EDGE('',*,*,#1954,.T.);
#2624=ORIENTED_EDGE('',*,*,#1955,.T.);
#2625=ORIENTED_EDGE('',*,*,#1956,.F.);
#2626=ORIENTED_EDGE('',*,*,#1900,.T.);
#2627=ORIENTED_EDGE('',*,*,#1868,.T.);
#2628=ORIENTED_EDGE('',*,*,#1872,.F.);
#2629=ORIENTED_EDGE('',*,*,#1899,.T.);
#2630=ORIENTED_EDGE('',*,*,#1956,.T.);
#2631=ORIENTED_EDGE('',*,*,#1957,.T.);
#2632=ORIENTED_EDGE('',*,*,#1958,.F.);
#2633=ORIENTED_EDGE('',*,*,#1890,.T.);
#2634=ORIENTED_EDGE('',*,*,#1878,.T.);
#2635=ORIENTED_EDGE('',*,*,#1874,.F.);
#2636=ORIENTED_EDGE('',*,*,#1901,.T.);
#2637=ORIENTED_EDGE('',*,*,#1958,.T.);
#2638=ORIENTED_EDGE('',*,*,#1959,.T.);
#2639=ORIENTED_EDGE('',*,*,#1952,.F.);
#2640=ORIENTED_EDGE('',*,*,#1960,.T.);
#2641=ORIENTED_EDGE('',*,*,#1961,.T.);
#2642=ORIENTED_EDGE('',*,*,#1962,.T.);
#2643=ORIENTED_EDGE('',*,*,#1963,.F.);
#2644=ORIENTED_EDGE('',*,*,#1953,.F.);
#2645=ORIENTED_EDGE('',*,*,#1959,.F.);
#2646=ORIENTED_EDGE('',*,*,#1957,.F.);
#2647=ORIENTED_EDGE('',*,*,#1955,.F.);
#2648=ORIENTED_EDGE('',*,*,#1964,.T.);
#2649=ORIENTED_EDGE('',*,*,#1963,.T.);
#2650=ORIENTED_EDGE('',*,*,#1965,.T.);
#2651=ORIENTED_EDGE('',*,*,#1966,.F.);
#2652=ORIENTED_EDGE('',*,*,#1967,.T.);
#2653=ORIENTED_EDGE('',*,*,#1966,.T.);
#2654=ORIENTED_EDGE('',*,*,#1968,.T.);
#2655=ORIENTED_EDGE('',*,*,#1969,.F.);
#2656=ORIENTED_EDGE('',*,*,#1904,.F.);
#2657=ORIENTED_EDGE('',*,*,#1914,.F.);
#2658=ORIENTED_EDGE('',*,*,#1911,.F.);
#2659=ORIENTED_EDGE('',*,*,#1908,.F.);
#2660=ORIENTED_EDGE('',*,*,#1916,.F.);
#2661=ORIENTED_EDGE('',*,*,#1926,.F.);
#2662=ORIENTED_EDGE('',*,*,#1923,.F.);
#2663=ORIENTED_EDGE('',*,*,#1920,.F.);
#2664=ORIENTED_EDGE('',*,*,#1928,.F.);
#2665=ORIENTED_EDGE('',*,*,#1938,.F.);
#2666=ORIENTED_EDGE('',*,*,#1935,.F.);
#2667=ORIENTED_EDGE('',*,*,#1932,.F.);
#2668=ORIENTED_EDGE('',*,*,#1940,.F.);
#2669=ORIENTED_EDGE('',*,*,#1950,.F.);
#2670=ORIENTED_EDGE('',*,*,#1947,.F.);
#2671=ORIENTED_EDGE('',*,*,#1944,.F.);
#2672=ORIENTED_EDGE('',*,*,#1970,.T.);
#2673=ORIENTED_EDGE('',*,*,#1969,.T.);
#2674=ORIENTED_EDGE('',*,*,#1971,.T.);
#2675=ORIENTED_EDGE('',*,*,#1961,.F.);
#2676=ORIENTED_EDGE('',*,*,#1970,.F.);
#2677=ORIENTED_EDGE('',*,*,#1960,.F.);
#2678=ORIENTED_EDGE('',*,*,#1964,.F.);
#2679=ORIENTED_EDGE('',*,*,#1967,.F.);
#2680=ORIENTED_EDGE('',*,*,#1972,.F.);
#2681=ORIENTED_EDGE('',*,*,#1973,.T.);
#2682=ORIENTED_EDGE('',*,*,#1974,.T.);
#2683=ORIENTED_EDGE('',*,*,#1892,.F.);
#2684=ORIENTED_EDGE('',*,*,#1886,.T.);
#2685=ORIENTED_EDGE('',*,*,#1882,.F.);
#2686=ORIENTED_EDGE('',*,*,#1896,.F.);
#2687=ORIENTED_EDGE('',*,*,#1975,.F.);
#2688=ORIENTED_EDGE('',*,*,#1976,.T.);
#2689=ORIENTED_EDGE('',*,*,#1977,.T.);
#2690=ORIENTED_EDGE('',*,*,#1973,.F.);
#2691=ORIENTED_EDGE('',*,*,#1978,.F.);
#2692=ORIENTED_EDGE('',*,*,#1894,.T.);
#2693=ORIENTED_EDGE('',*,*,#1870,.T.);
#2694=ORIENTED_EDGE('',*,*,#1866,.F.);
#2695=ORIENTED_EDGE('',*,*,#1903,.T.);
#2696=ORIENTED_EDGE('',*,*,#1979,.T.);
#2697=ORIENTED_EDGE('',*,*,#1976,.F.);
#2698=ORIENTED_EDGE('',*,*,#1979,.F.);
#2699=ORIENTED_EDGE('',*,*,#1902,.F.);
#2700=ORIENTED_EDGE('',*,*,#1876,.T.);
#2701=ORIENTED_EDGE('',*,*,#1880,.F.);
#2702=ORIENTED_EDGE('',*,*,#1893,.F.);
#2703=ORIENTED_EDGE('',*,*,#1974,.F.);
#2704=ORIENTED_EDGE('',*,*,#1977,.F.);
#2705=ORIENTED_EDGE('',*,*,#1962,.F.);
#2706=ORIENTED_EDGE('',*,*,#1971,.F.);
#2707=ORIENTED_EDGE('',*,*,#1968,.F.);
#2708=ORIENTED_EDGE('',*,*,#1965,.F.);
#2709=ORIENTED_EDGE('',*,*,#1978,.T.);
#2710=ORIENTED_EDGE('',*,*,#1975,.T.);
#2711=ORIENTED_EDGE('',*,*,#1972,.T.);
#2712=ORIENTED_EDGE('',*,*,#1895,.T.);
#2713=ORIENTED_EDGE('',*,*,#1980,.F.);
#2714=ORIENTED_EDGE('',*,*,#1981,.F.);
#2715=ORIENTED_EDGE('',*,*,#1982,.T.);
#2716=ORIENTED_EDGE('',*,*,#1983,.F.);
#2717=ORIENTED_EDGE('',*,*,#1982,.F.);
#2718=ORIENTED_EDGE('',*,*,#1980,.T.);
#2719=ORIENTED_EDGE('',*,*,#1981,.T.);
#2720=ORIENTED_EDGE('',*,*,#1984,.T.);
#2721=ORIENTED_EDGE('',*,*,#1985,.T.);
#2722=ORIENTED_EDGE('',*,*,#1984,.F.);
#2723=ORIENTED_EDGE('',*,*,#1983,.T.);
#2724=ORIENTED_EDGE('',*,*,#1986,.T.);
#2725=ORIENTED_EDGE('',*,*,#1987,.T.);
#2726=ORIENTED_EDGE('',*,*,#1988,.T.);
#2727=ORIENTED_EDGE('',*,*,#1989,.F.);
#2728=ORIENTED_EDGE('',*,*,#1990,.F.);
#2729=ORIENTED_EDGE('',*,*,#1991,.T.);
#2730=ORIENTED_EDGE('',*,*,#1992,.T.);
#2731=ORIENTED_EDGE('',*,*,#1987,.F.);
#2732=ORIENTED_EDGE('',*,*,#1993,.F.);
#2733=ORIENTED_EDGE('',*,*,#1994,.T.);
#2734=ORIENTED_EDGE('',*,*,#1995,.T.);
#2735=ORIENTED_EDGE('',*,*,#1991,.F.);
#2736=ORIENTED_EDGE('',*,*,#1996,.T.);
#2737=ORIENTED_EDGE('',*,*,#1989,.T.);
#2738=ORIENTED_EDGE('',*,*,#1997,.T.);
#2739=ORIENTED_EDGE('',*,*,#1994,.F.);
#2740=ORIENTED_EDGE('',*,*,#1996,.F.);
#2741=ORIENTED_EDGE('',*,*,#1993,.T.);
#2742=ORIENTED_EDGE('',*,*,#1990,.T.);
#2743=ORIENTED_EDGE('',*,*,#1986,.F.);
#2744=ORIENTED_EDGE('',*,*,#1997,.F.);
#2745=ORIENTED_EDGE('',*,*,#1988,.F.);
#2746=ORIENTED_EDGE('',*,*,#1992,.F.);
#2747=ORIENTED_EDGE('',*,*,#1995,.F.);
#2748=ORIENTED_EDGE('',*,*,#1985,.F.);
#2749=ORIENTED_EDGE('',*,*,#1998,.F.);
#2750=ORIENTED_EDGE('',*,*,#1999,.F.);
#2751=ORIENTED_EDGE('',*,*,#2000,.T.);
#2752=ORIENTED_EDGE('',*,*,#2001,.T.);
#2753=ORIENTED_EDGE('',*,*,#2002,.F.);
#2754=ORIENTED_EDGE('',*,*,#2003,.F.);
#2755=ORIENTED_EDGE('',*,*,#2004,.T.);
#2756=ORIENTED_EDGE('',*,*,#2005,.T.);
#2757=ORIENTED_EDGE('',*,*,#2006,.F.);
#2758=ORIENTED_EDGE('',*,*,#2007,.T.);
#2759=ORIENTED_EDGE('',*,*,#2008,.T.);
#2760=ORIENTED_EDGE('',*,*,#2009,.F.);
#2761=ORIENTED_EDGE('',*,*,#2008,.F.);
#2762=ORIENTED_EDGE('',*,*,#2002,.T.);
#2763=ORIENTED_EDGE('',*,*,#2010,.T.);
#2764=ORIENTED_EDGE('',*,*,#2011,.F.);
#2765=ORIENTED_EDGE('',*,*,#2012,.F.);
#2766=ORIENTED_EDGE('',*,*,#2005,.F.);
#2767=ORIENTED_EDGE('',*,*,#2010,.F.);
#2768=ORIENTED_EDGE('',*,*,#1998,.T.);
#2769=ORIENTED_EDGE('',*,*,#2013,.T.);
#2770=ORIENTED_EDGE('',*,*,#2014,.F.);
#2771=ORIENTED_EDGE('',*,*,#2015,.F.);
#2772=ORIENTED_EDGE('',*,*,#2001,.F.);
#2773=ORIENTED_EDGE('',*,*,#2013,.F.);
#2774=ORIENTED_EDGE('',*,*,#2016,.T.);
#2775=ORIENTED_EDGE('',*,*,#2006,.T.);
#2776=ORIENTED_EDGE('',*,*,#2017,.T.);
#2777=ORIENTED_EDGE('',*,*,#2018,.T.);
#2778=ORIENTED_EDGE('',*,*,#2003,.T.);
#2779=ORIENTED_EDGE('',*,*,#2012,.T.);
#2780=ORIENTED_EDGE('',*,*,#2019,.T.);
#2781=ORIENTED_EDGE('',*,*,#2020,.T.);
#2782=ORIENTED_EDGE('',*,*,#1999,.T.);
#2783=ORIENTED_EDGE('',*,*,#2015,.T.);
#2784=ORIENTED_EDGE('',*,*,#2021,.T.);
#2785=ORIENTED_EDGE('',*,*,#2022,.T.);
#2786=ORIENTED_EDGE('',*,*,#2022,.F.);
#2787=ORIENTED_EDGE('',*,*,#2023,.T.);
#2788=ORIENTED_EDGE('',*,*,#2024,.T.);
#2789=ORIENTED_EDGE('',*,*,#2025,.F.);
#2790=ORIENTED_EDGE('',*,*,#2020,.F.);
#2791=ORIENTED_EDGE('',*,*,#2026,.T.);
#2792=ORIENTED_EDGE('',*,*,#2027,.T.);
#2793=ORIENTED_EDGE('',*,*,#2023,.F.);
#2794=ORIENTED_EDGE('',*,*,#2021,.F.);
#2795=ORIENTED_EDGE('',*,*,#2014,.T.);
#2796=ORIENTED_EDGE('',*,*,#2000,.F.);
#2797=ORIENTED_EDGE('',*,*,#2018,.F.);
#2798=ORIENTED_EDGE('',*,*,#2028,.T.);
#2799=ORIENTED_EDGE('',*,*,#2029,.T.);
#2800=ORIENTED_EDGE('',*,*,#2026,.F.);
#2801=ORIENTED_EDGE('',*,*,#2019,.F.);
#2802=ORIENTED_EDGE('',*,*,#2011,.T.);
#2803=ORIENTED_EDGE('',*,*,#2004,.F.);
#2804=ORIENTED_EDGE('',*,*,#2016,.F.);
#2805=ORIENTED_EDGE('',*,*,#2025,.T.);
#2806=ORIENTED_EDGE('',*,*,#2030,.T.);
#2807=ORIENTED_EDGE('',*,*,#2028,.F.);
#2808=ORIENTED_EDGE('',*,*,#2017,.F.);
#2809=ORIENTED_EDGE('',*,*,#2009,.T.);
#2810=ORIENTED_EDGE('',*,*,#2007,.F.);
#2811=ORIENTED_EDGE('',*,*,#2030,.F.);
#2812=ORIENTED_EDGE('',*,*,#2024,.F.);
#2813=ORIENTED_EDGE('',*,*,#2027,.F.);
#2814=ORIENTED_EDGE('',*,*,#2029,.F.);
#2815=ORIENTED_EDGE('',*,*,#2031,.T.);
#2816=ORIENTED_EDGE('',*,*,#2032,.T.);
#2817=ORIENTED_EDGE('',*,*,#2033,.T.);
#2818=ORIENTED_EDGE('',*,*,#2034,.T.);
#2819=ORIENTED_EDGE('',*,*,#2032,.F.);
#2820=ORIENTED_EDGE('',*,*,#2035,.T.);
#2821=ORIENTED_EDGE('',*,*,#2036,.T.);
#2822=ORIENTED_EDGE('',*,*,#2033,.F.);
#2823=ORIENTED_EDGE('',*,*,#2034,.F.);
#2824=ORIENTED_EDGE('',*,*,#2036,.F.);
#2825=ORIENTED_EDGE('',*,*,#2031,.F.);
#2826=ORIENTED_EDGE('',*,*,#2037,.T.);
#2827=ORIENTED_EDGE('',*,*,#2038,.T.);
#2828=ORIENTED_EDGE('',*,*,#2039,.T.);
#2829=ORIENTED_EDGE('',*,*,#2040,.F.);
#2830=ORIENTED_EDGE('',*,*,#2041,.F.);
#2831=ORIENTED_EDGE('',*,*,#2042,.T.);
#2832=ORIENTED_EDGE('',*,*,#2043,.T.);
#2833=ORIENTED_EDGE('',*,*,#2038,.F.);
#2834=ORIENTED_EDGE('',*,*,#2044,.F.);
#2835=ORIENTED_EDGE('',*,*,#2045,.T.);
#2836=ORIENTED_EDGE('',*,*,#2046,.T.);
#2837=ORIENTED_EDGE('',*,*,#2042,.F.);
#2838=ORIENTED_EDGE('',*,*,#2047,.T.);
#2839=ORIENTED_EDGE('',*,*,#2040,.T.);
#2840=ORIENTED_EDGE('',*,*,#2048,.T.);
#2841=ORIENTED_EDGE('',*,*,#2045,.F.);
#2842=ORIENTED_EDGE('',*,*,#2048,.F.);
#2843=ORIENTED_EDGE('',*,*,#2039,.F.);
#2844=ORIENTED_EDGE('',*,*,#2043,.F.);
#2845=ORIENTED_EDGE('',*,*,#2046,.F.);
#2846=ORIENTED_EDGE('',*,*,#2047,.F.);
#2847=ORIENTED_EDGE('',*,*,#2044,.T.);
#2848=ORIENTED_EDGE('',*,*,#2041,.T.);
#2849=ORIENTED_EDGE('',*,*,#2037,.F.);
#2850=ORIENTED_EDGE('',*,*,#2035,.F.);
#2851=ORIENTED_EDGE('',*,*,#2049,.T.);
#2852=ORIENTED_EDGE('',*,*,#2050,.T.);
#2853=ORIENTED_EDGE('',*,*,#2051,.F.);
#2854=ORIENTED_EDGE('',*,*,#2052,.F.);
#2855=ORIENTED_EDGE('',*,*,#2053,.T.);
#2856=ORIENTED_EDGE('',*,*,#2052,.T.);
#2857=ORIENTED_EDGE('',*,*,#2054,.F.);
#2858=ORIENTED_EDGE('',*,*,#2055,.F.);
#2859=ORIENTED_EDGE('',*,*,#2056,.T.);
#2860=ORIENTED_EDGE('',*,*,#2055,.T.);
#2861=ORIENTED_EDGE('',*,*,#2057,.F.);
#2862=ORIENTED_EDGE('',*,*,#2058,.F.);
#2863=ORIENTED_EDGE('',*,*,#2059,.T.);
#2864=ORIENTED_EDGE('',*,*,#2058,.T.);
#2865=ORIENTED_EDGE('',*,*,#2060,.F.);
#2866=ORIENTED_EDGE('',*,*,#2050,.F.);
#2867=ORIENTED_EDGE('',*,*,#2060,.T.);
#2868=ORIENTED_EDGE('',*,*,#2057,.T.);
#2869=ORIENTED_EDGE('',*,*,#2054,.T.);
#2870=ORIENTED_EDGE('',*,*,#2051,.T.);
#2871=ORIENTED_EDGE('',*,*,#2059,.F.);
#2872=ORIENTED_EDGE('',*,*,#2049,.F.);
#2873=ORIENTED_EDGE('',*,*,#2053,.F.);
#2874=ORIENTED_EDGE('',*,*,#2056,.F.);
#2875=ORIENTED_EDGE('',*,*,#2061,.T.);
#2876=ORIENTED_EDGE('',*,*,#2062,.T.);
#2877=ORIENTED_EDGE('',*,*,#2063,.F.);
#2878=ORIENTED_EDGE('',*,*,#2064,.F.);
#2879=ORIENTED_EDGE('',*,*,#2065,.T.);
#2880=ORIENTED_EDGE('',*,*,#2064,.T.);
#2881=ORIENTED_EDGE('',*,*,#2066,.F.);
#2882=ORIENTED_EDGE('',*,*,#2067,.F.);
#2883=ORIENTED_EDGE('',*,*,#2068,.T.);
#2884=ORIENTED_EDGE('',*,*,#2067,.T.);
#2885=ORIENTED_EDGE('',*,*,#2069,.F.);
#2886=ORIENTED_EDGE('',*,*,#2070,.F.);
#2887=ORIENTED_EDGE('',*,*,#2071,.T.);
#2888=ORIENTED_EDGE('',*,*,#2070,.T.);
#2889=ORIENTED_EDGE('',*,*,#2072,.F.);
#2890=ORIENTED_EDGE('',*,*,#2062,.F.);
#2891=ORIENTED_EDGE('',*,*,#2072,.T.);
#2892=ORIENTED_EDGE('',*,*,#2069,.T.);
#2893=ORIENTED_EDGE('',*,*,#2066,.T.);
#2894=ORIENTED_EDGE('',*,*,#2063,.T.);
#2895=ORIENTED_EDGE('',*,*,#2071,.F.);
#2896=ORIENTED_EDGE('',*,*,#2061,.F.);
#2897=ORIENTED_EDGE('',*,*,#2065,.F.);
#2898=ORIENTED_EDGE('',*,*,#2068,.F.);
#2899=ORIENTED_EDGE('',*,*,#2073,.T.);
#2900=ORIENTED_EDGE('',*,*,#2074,.T.);
#2901=ORIENTED_EDGE('',*,*,#2075,.F.);
#2902=ORIENTED_EDGE('',*,*,#2076,.F.);
#2903=ORIENTED_EDGE('',*,*,#2077,.T.);
#2904=ORIENTED_EDGE('',*,*,#2076,.T.);
#2905=ORIENTED_EDGE('',*,*,#2078,.F.);
#2906=ORIENTED_EDGE('',*,*,#2079,.F.);
#2907=ORIENTED_EDGE('',*,*,#2080,.T.);
#2908=ORIENTED_EDGE('',*,*,#2079,.T.);
#2909=ORIENTED_EDGE('',*,*,#2081,.F.);
#2910=ORIENTED_EDGE('',*,*,#2082,.F.);
#2911=ORIENTED_EDGE('',*,*,#2083,.T.);
#2912=ORIENTED_EDGE('',*,*,#2082,.T.);
#2913=ORIENTED_EDGE('',*,*,#2084,.F.);
#2914=ORIENTED_EDGE('',*,*,#2074,.F.);
#2915=ORIENTED_EDGE('',*,*,#2084,.T.);
#2916=ORIENTED_EDGE('',*,*,#2081,.T.);
#2917=ORIENTED_EDGE('',*,*,#2078,.T.);
#2918=ORIENTED_EDGE('',*,*,#2075,.T.);
#2919=ORIENTED_EDGE('',*,*,#2083,.F.);
#2920=ORIENTED_EDGE('',*,*,#2073,.F.);
#2921=ORIENTED_EDGE('',*,*,#2077,.F.);
#2922=ORIENTED_EDGE('',*,*,#2080,.F.);
#2923=ORIENTED_EDGE('',*,*,#2085,.T.);
#2924=ORIENTED_EDGE('',*,*,#2086,.T.);
#2925=ORIENTED_EDGE('',*,*,#2087,.F.);
#2926=ORIENTED_EDGE('',*,*,#2088,.F.);
#2927=ORIENTED_EDGE('',*,*,#2089,.T.);
#2928=ORIENTED_EDGE('',*,*,#2088,.T.);
#2929=ORIENTED_EDGE('',*,*,#2090,.F.);
#2930=ORIENTED_EDGE('',*,*,#2091,.F.);
#2931=ORIENTED_EDGE('',*,*,#2092,.T.);
#2932=ORIENTED_EDGE('',*,*,#2091,.T.);
#2933=ORIENTED_EDGE('',*,*,#2093,.F.);
#2934=ORIENTED_EDGE('',*,*,#2094,.F.);
#2935=ORIENTED_EDGE('',*,*,#2095,.T.);
#2936=ORIENTED_EDGE('',*,*,#2094,.T.);
#2937=ORIENTED_EDGE('',*,*,#2096,.F.);
#2938=ORIENTED_EDGE('',*,*,#2086,.F.);
#2939=ORIENTED_EDGE('',*,*,#2096,.T.);
#2940=ORIENTED_EDGE('',*,*,#2093,.T.);
#2941=ORIENTED_EDGE('',*,*,#2090,.T.);
#2942=ORIENTED_EDGE('',*,*,#2087,.T.);
#2943=ORIENTED_EDGE('',*,*,#2095,.F.);
#2944=ORIENTED_EDGE('',*,*,#2085,.F.);
#2945=ORIENTED_EDGE('',*,*,#2089,.F.);
#2946=ORIENTED_EDGE('',*,*,#2092,.F.);
#2947=B_SPLINE_SURFACE_WITH_KNOTS('',3,3,((#4328,#4329,#4330,#4331),(#4332,
#4333,#4334,#4335),(#4336,#4337,#4338,#4339),(#4340,#4341,#4342,#4343),
(#4344,#4345,#4346,#4347),(#4348,#4349,#4350,#4351),(#4352,#4353,#4354,
#4355),(#4356,#4357,#4358,#4359),(#4360,#4361,#4362,#4363),(#4364,#4365,
#4366,#4367)),.UNSPECIFIED.,.F.,.F.,.F.,(4,1,1,1,1,1,1,4),(4,4),(0.,0.142857142857143,
0.285714285714286,0.428571428571429,0.571428571428571,0.714285714285714,
0.857142857142857,1.),(-7.50001485305482,22.5000148530548),
 .UNSPECIFIED.);
#2948=B_SPLINE_SURFACE_WITH_KNOTS('',3,3,((#4398,#4399,#4400,#4401),(#4402,
#4403,#4404,#4405),(#4406,#4407,#4408,#4409),(#4410,#4411,#4412,#4413),
(#4414,#4415,#4416,#4417),(#4418,#4419,#4420,#4421),(#4422,#4423,#4424,
#4425),(#4426,#4427,#4428,#4429),(#4430,#4431,#4432,#4433),(#4434,#4435,
#4436,#4437)),.UNSPECIFIED.,.F.,.F.,.F.,(4,1,1,1,1,1,1,4),(4,4),(0.,0.142857142857143,
0.285714285714286,0.428571428571429,0.571428571428571,0.714285714285714,
0.857142857142857,1.),(-1.48530548152014E-5,5.00001488185095),
 .UNSPECIFIED.);
#2949=B_SPLINE_SURFACE_WITH_KNOTS('',3,3,((#4454,#4455,#4456,#4457),(#4458,
#4459,#4460,#4461),(#4462,#4463,#4464,#4465),(#4466,#4467,#4468,#4469),
(#4470,#4471,#4472,#4473),(#4474,#4475,#4476,#4477),(#4478,#4479,#4480,
#4481),(#4482,#4483,#4484,#4485),(#4486,#4487,#4488,#4489),(#4490,#4491,
#4492,#4493)),.UNSPECIFIED.,.F.,.F.,.F.,(4,1,1,1,1,1,1,4),(4,4),(0.,0.142857142857143,
0.285714285714286,0.428571428571429,0.571428571428571,0.714285714285714,
0.857142857142857,1.),(-1.48530548143046E-5,5.00001488185095),
 .UNSPECIFIED.);
#2950=B_SPLINE_SURFACE_WITH_KNOTS('',3,3,((#4510,#4511,#4512,#4513),(#4514,
#4515,#4516,#4517),(#4518,#4519,#4520,#4521),(#4522,#4523,#4524,#4525),
(#4526,#4527,#4528,#4529),(#4530,#4531,#4532,#4533),(#4534,#4535,#4536,
#4537),(#4538,#4539,#4540,#4541),(#4542,#4543,#4544,#4545),(#4546,#4547,
#4548,#4549)),.UNSPECIFIED.,.F.,.F.,.F.,(4,1,1,1,1,1,1,4),(4,4),(0.,0.142857142857143,
0.285714285714286,0.428571428571429,0.571428571428571,0.714285714285714,
0.857142857142857,1.),(-7.50001488185096,22.500014881851),.UNSPECIFIED.);
#2951=ADVANCED_FACE('',(#332),#2947,.F.);
#2952=ADVANCED_FACE('',(#333),#2948,.F.);
#2953=ADVANCED_FACE('',(#334),#2949,.F.);
#2954=ADVANCED_FACE('',(#335),#2950,.F.);
#2955=ADVANCED_FACE('',(#336),#186,.F.);
#2956=ADVANCED_FACE('',(#337,#171,#172,#173,#174),#187,.F.);
#2957=ADVANCED_FACE('',(#338),#188,.T.);
#2958=ADVANCED_FACE('',(#339),#189,.F.);
#2959=ADVANCED_FACE('',(#340),#190,.T.);
#2960=ADVANCED_FACE('',(#341),#145,.F.);
#2961=ADVANCED_FACE('',(#342),#146,.F.);
#2962=ADVANCED_FACE('',(#343),#191,.T.);
#2963=ADVANCED_FACE('',(#344),#147,.F.);
#2964=ADVANCED_FACE('',(#345),#148,.F.);
#2965=ADVANCED_FACE('',(#346),#192,.T.);
#2966=ADVANCED_FACE('',(#347),#149,.F.);
#2967=ADVANCED_FACE('',(#348),#150,.F.);
#2968=ADVANCED_FACE('',(#349),#193,.T.);
#2969=ADVANCED_FACE('',(#350),#194,.T.);
#2970=ADVANCED_FACE('',(#351),#195,.T.);
#2971=ADVANCED_FACE('',(#352),#196,.T.);
#2972=ADVANCED_FACE('',(#353),#197,.T.);
#2973=ADVANCED_FACE('',(#354),#198,.T.);
#2974=ADVANCED_FACE('',(#355),#199,.T.);
#2975=ADVANCED_FACE('',(#356),#200,.T.);
#2976=ADVANCED_FACE('',(#357),#201,.T.);
#2977=ADVANCED_FACE('',(#358),#202,.T.);
#2978=ADVANCED_FACE('',(#359),#203,.T.);
#2979=ADVANCED_FACE('',(#360),#204,.T.);
#2980=ADVANCED_FACE('',(#361),#205,.T.);
#2981=ADVANCED_FACE('',(#362),#206,.T.);
#2982=ADVANCED_FACE('',(#363),#207,.T.);
#2983=ADVANCED_FACE('',(#364),#208,.T.);
#2984=ADVANCED_FACE('',(#365),#209,.T.);
#2985=ADVANCED_FACE('',(#366),#210,.T.);
#2986=ADVANCED_FACE('',(#367),#211,.T.);
#2987=ADVANCED_FACE('',(#368),#212,.T.);
#2988=ADVANCED_FACE('',(#369),#213,.T.);
#2989=ADVANCED_FACE('',(#370),#214,.T.);
#2990=ADVANCED_FACE('',(#371),#215,.T.);
#2991=ADVANCED_FACE('',(#372),#216,.T.);
#2992=ADVANCED_FACE('',(#373),#217,.F.);
#2993=ADVANCED_FACE('',(#374),#218,.F.);
#2994=ADVANCED_FACE('',(#375),#219,.F.);
#2995=ADVANCED_FACE('',(#376),#220,.F.);
#2996=ADVANCED_FACE('',(#377,#175),#221,.F.);
#2997=ADVANCED_FACE('',(#378),#222,.T.);
#2998=ADVANCED_FACE('',(#379),#223,.T.);
#2999=ADVANCED_FACE('',(#380),#224,.T.);
#3000=ADVANCED_FACE('',(#381),#225,.F.);
#3001=ADVANCED_FACE('',(#382),#45,.F.);
#3002=ADVANCED_FACE('',(#383),#41,.T.);
#3003=ADVANCED_FACE('',(#384),#226,.T.);
#3004=ADVANCED_FACE('',(#385),#151,.T.);
#3005=ADVANCED_FACE('',(#386),#227,.T.);
#3006=ADVANCED_FACE('',(#387),#228,.T.);
#3007=ADVANCED_FACE('',(#388),#229,.T.);
#3008=ADVANCED_FACE('',(#389),#230,.T.);
#3009=ADVANCED_FACE('',(#390,#176),#231,.F.);
#3010=ADVANCED_FACE('',(#391),#152,.F.);
#3011=ADVANCED_FACE('',(#392),#153,.F.);
#3012=ADVANCED_FACE('',(#393),#154,.F.);
#3013=ADVANCED_FACE('',(#394),#232,.T.);
#3014=ADVANCED_FACE('',(#395),#155,.F.);
#3015=ADVANCED_FACE('',(#396),#233,.T.);
#3016=ADVANCED_FACE('',(#397),#156,.F.);
#3017=ADVANCED_FACE('',(#398),#234,.T.);
#3018=ADVANCED_FACE('',(#399),#235,.F.);
#3019=ADVANCED_FACE('',(#400),#236,.T.);
#3020=ADVANCED_FACE('',(#401),#237,.T.);
#3021=ADVANCED_FACE('',(#402),#238,.T.);
#3022=ADVANCED_FACE('',(#403),#239,.T.);
#3023=ADVANCED_FACE('',(#404),#240,.T.);
#3024=ADVANCED_FACE('',(#405),#46,.T.);
#3025=ADVANCED_FACE('',(#406),#42,.F.);
#3026=ADVANCED_FACE('',(#407),#241,.F.);
#3027=ADVANCED_FACE('',(#408),#242,.T.);
#3028=ADVANCED_FACE('',(#409),#157,.T.);
#3029=ADVANCED_FACE('',(#410),#243,.T.);
#3030=ADVANCED_FACE('',(#411),#244,.T.);
#3031=ADVANCED_FACE('',(#412),#245,.T.);
#3032=ADVANCED_FACE('',(#413,#177),#246,.F.);
#3033=ADVANCED_FACE('',(#414),#158,.F.);
#3034=ADVANCED_FACE('',(#415),#159,.F.);
#3035=ADVANCED_FACE('',(#416),#247,.T.);
#3036=ADVANCED_FACE('',(#417),#160,.F.);
#3037=ADVANCED_FACE('',(#418),#161,.F.);
#3038=ADVANCED_FACE('',(#419),#248,.T.);
#3039=ADVANCED_FACE('',(#420),#162,.F.);
#3040=ADVANCED_FACE('',(#421),#163,.F.);
#3041=ADVANCED_FACE('',(#422),#249,.T.);
#3042=ADVANCED_FACE('',(#423),#250,.F.);
#3043=ADVANCED_FACE('',(#424),#251,.F.);
#3044=ADVANCED_FACE('',(#425),#252,.F.);
#3045=ADVANCED_FACE('',(#426),#253,.F.);
#3046=ADVANCED_FACE('',(#427),#254,.F.);
#3047=ADVANCED_FACE('',(#428),#255,.F.);
#3048=ADVANCED_FACE('',(#429),#256,.F.);
#3049=ADVANCED_FACE('',(#430),#257,.F.);
#3050=ADVANCED_FACE('',(#431),#258,.F.);
#3051=ADVANCED_FACE('',(#432),#259,.F.);
#3052=ADVANCED_FACE('',(#433),#260,.F.);
#3053=ADVANCED_FACE('',(#434),#261,.F.);
#3054=ADVANCED_FACE('',(#435),#262,.F.);
#3055=ADVANCED_FACE('',(#436),#263,.F.);
#3056=ADVANCED_FACE('',(#437),#264,.F.);
#3057=ADVANCED_FACE('',(#438),#265,.F.);
#3058=ADVANCED_FACE('',(#439),#266,.F.);
#3059=ADVANCED_FACE('',(#440),#267,.F.);
#3060=ADVANCED_FACE('',(#441),#268,.F.);
#3061=ADVANCED_FACE('',(#442),#269,.F.);
#3062=ADVANCED_FACE('',(#443),#270,.F.);
#3063=ADVANCED_FACE('',(#444),#271,.F.);
#3064=ADVANCED_FACE('',(#445),#272,.F.);
#3065=ADVANCED_FACE('',(#446),#273,.T.);
#3066=ADVANCED_FACE('',(#447),#274,.T.);
#3067=ADVANCED_FACE('',(#448),#275,.T.);
#3068=ADVANCED_FACE('',(#449),#276,.T.);
#3069=ADVANCED_FACE('',(#450,#178),#277,.T.);
#3070=ADVANCED_FACE('',(#451),#278,.T.);
#3071=ADVANCED_FACE('',(#452,#179,#180,#181,#182),#279,.T.);
#3072=ADVANCED_FACE('',(#453),#280,.T.);
#3073=ADVANCED_FACE('',(#454),#281,.F.);
#3074=ADVANCED_FACE('',(#455),#282,.F.);
#3075=ADVANCED_FACE('',(#456),#283,.F.);
#3076=ADVANCED_FACE('',(#457),#284,.F.);
#3077=ADVANCED_FACE('',(#458,#183),#285,.F.);
#3078=ADVANCED_FACE('',(#459),#286,.T.);
#3079=ADVANCED_FACE('',(#460),#47,.T.);
#3080=ADVANCED_FACE('',(#461),#43,.T.);
#3081=ADVANCED_FACE('',(#462),#287,.F.);
#3082=ADVANCED_FACE('',(#463),#164,.T.);
#3083=ADVANCED_FACE('',(#464),#288,.F.);
#3084=ADVANCED_FACE('',(#465),#289,.F.);
#3085=ADVANCED_FACE('',(#466),#290,.F.);
#3086=ADVANCED_FACE('',(#467),#291,.F.);
#3087=ADVANCED_FACE('',(#468,#184),#292,.T.);
#3088=ADVANCED_FACE('',(#469),#165,.F.);
#3089=ADVANCED_FACE('',(#470),#166,.F.);
#3090=ADVANCED_FACE('',(#471),#167,.F.);
#3091=ADVANCED_FACE('',(#472),#293,.T.);
#3092=ADVANCED_FACE('',(#473),#168,.F.);
#3093=ADVANCED_FACE('',(#474),#294,.T.);
#3094=ADVANCED_FACE('',(#475),#169,.F.);
#3095=ADVANCED_FACE('',(#476),#295,.T.);
#3096=ADVANCED_FACE('',(#477),#296,.T.);
#3097=ADVANCED_FACE('',(#478),#297,.F.);
#3098=ADVANCED_FACE('',(#479),#298,.F.);
#3099=ADVANCED_FACE('',(#480),#299,.F.);
#3100=ADVANCED_FACE('',(#481),#300,.F.);
#3101=ADVANCED_FACE('',(#482),#301,.F.);
#3102=ADVANCED_FACE('',(#483),#48,.F.);
#3103=ADVANCED_FACE('',(#484),#44,.F.);
#3104=ADVANCED_FACE('',(#485),#302,.T.);
#3105=ADVANCED_FACE('',(#486),#303,.F.);
#3106=ADVANCED_FACE('',(#487),#170,.T.);
#3107=ADVANCED_FACE('',(#488),#304,.F.);
#3108=ADVANCED_FACE('',(#489),#305,.F.);
#3109=ADVANCED_FACE('',(#490),#306,.F.);
#3110=ADVANCED_FACE('',(#491,#185),#307,.T.);
#3111=ADVANCED_FACE('',(#492),#308,.T.);
#3112=ADVANCED_FACE('',(#493),#309,.T.);
#3113=ADVANCED_FACE('',(#494),#310,.T.);
#3114=ADVANCED_FACE('',(#495),#311,.T.);
#3115=ADVANCED_FACE('',(#496),#312,.T.);
#3116=ADVANCED_FACE('',(#497),#313,.F.);
#3117=ADVANCED_FACE('',(#498),#314,.T.);
#3118=ADVANCED_FACE('',(#499),#315,.T.);
#3119=ADVANCED_FACE('',(#500),#316,.T.);
#3120=ADVANCED_FACE('',(#501),#317,.T.);
#3121=ADVANCED_FACE('',(#502),#318,.T.);
#3122=ADVANCED_FACE('',(#503),#319,.F.);
#3123=ADVANCED_FACE('',(#504),#320,.T.);
#3124=ADVANCED_FACE('',(#505),#321,.T.);
#3125=ADVANCED_FACE('',(#506),#322,.T.);
#3126=ADVANCED_FACE('',(#507),#323,.T.);
#3127=ADVANCED_FACE('',(#508),#324,.T.);
#3128=ADVANCED_FACE('',(#509),#325,.F.);
#3129=ADVANCED_FACE('',(#510),#326,.T.);
#3130=ADVANCED_FACE('',(#511),#327,.T.);
#3131=ADVANCED_FACE('',(#512),#328,.T.);
#3132=ADVANCED_FACE('',(#513),#329,.T.);
#3133=ADVANCED_FACE('',(#514),#330,.T.);
#3134=ADVANCED_FACE('',(#515),#331,.F.);
#3135=CLOSED_SHELL('',(#2951,#2952,#2953,#2954,#2955,#2956,#2957,#2958,
#2959,#2960,#2961,#2962,#2963,#2964,#2965,#2966,#2967,#2968,#2969,#2970,
#2971,#2972,#2973,#2974,#2975,#2976,#2977,#2978,#2979,#2980,#2981,#2982,
#2983,#2984,#2985,#2986,#2987,#2988,#2989,#2990,#2991,#2992,#2993,#2994,
#2995,#2996,#2997,#2998,#2999,#3000));
#3136=CLOSED_SHELL('',(#3001,#3002,#3003,#3004,#3005,#3006,#3007,#3008,
#3009));
#3137=CLOSED_SHELL('',(#3010,#3011,#3012,#3013,#3014,#3015,#3016,#3017,
#3018,#3019,#3020,#3021,#3022,#3023));
#3138=CLOSED_SHELL('',(#3024,#3025,#3026,#3027,#3028,#3029,#3030,#3031,
#3032));
#3139=CLOSED_SHELL('',(#3033,#3034,#3035,#3036,#3037,#3038,#3039,#3040,
#3041,#3042,#3043,#3044,#3045,#3046,#3047,#3048,#3049,#3050,#3051,#3052,
#3053,#3054,#3055,#3056,#3057,#3058,#3059,#3060,#3061,#3062,#3063,#3064,
#3065,#3066,#3067,#3068,#3069,#3070,#3071,#3072,#3073,#3074,#3075,#3076,
#3077,#3078));
#3140=CLOSED_SHELL('',(#3079,#3080,#3081,#3082,#3083,#3084,#3085,#3086,
#3087));
#3141=CLOSED_SHELL('',(#3088,#3089,#3090,#3091,#3092,#3093,#3094,#3095,
#3096,#3097,#3098,#3099,#3100,#3101));
#3142=CLOSED_SHELL('',(#3102,#3103,#3104,#3105,#3106,#3107,#3108,#3109,
#3110));
#3143=CLOSED_SHELL('',(#3111,#3112,#3113,#3114,#3115,#3116));
#3144=CLOSED_SHELL('',(#3117,#3118,#3119,#3120,#3121,#3122));
#3145=CLOSED_SHELL('',(#3123,#3124,#3125,#3126,#3127,#3128));
#3146=CLOSED_SHELL('',(#3129,#3130,#3131,#3132,#3133,#3134));
#3147=DERIVED_UNIT_ELEMENT(#3157,1.);
#3148=DERIVED_UNIT_ELEMENT(#5542,-3.);
#3149=DERIVED_UNIT_ELEMENT(#3157,1.);
#3150=DERIVED_UNIT_ELEMENT(#5542,-3.);
#3151=DERIVED_UNIT_ELEMENT(#3157,1.);
#3152=DERIVED_UNIT_ELEMENT(#5542,-3.);
#3153=DERIVED_UNIT_ELEMENT(#3157,1.);
#3154=DERIVED_UNIT_ELEMENT(#5542,-3.);
#3155=DERIVED_UNIT_ELEMENT(#3157,1.);
#3156=DERIVED_UNIT_ELEMENT(#5542,-3.);
#3157=(
MASS_UNIT()
NAMED_UNIT(*)
SI_UNIT(.KILO.,.GRAM.)
);
#3158=DERIVED_UNIT((#3147,#3148));
#3159=DERIVED_UNIT((#3149,#3150));
#3160=DERIVED_UNIT((#3151,#3152));
#3161=DERIVED_UNIT((#3153,#3154));
#3162=DERIVED_UNIT((#3155,#3156));
#3163=MEASURE_REPRESENTATION_ITEM('density measure',
POSITIVE_RATIO_MEASURE(7850.),#3158);
#3164=MEASURE_REPRESENTATION_ITEM('density measure',
POSITIVE_RATIO_MEASURE(7850.),#3159);
#3165=MEASURE_REPRESENTATION_ITEM('density measure',
POSITIVE_RATIO_MEASURE(7850.),#3160);
#3166=MEASURE_REPRESENTATION_ITEM('density measure',
POSITIVE_RATIO_MEASURE(7850.),#3161);
#3167=MEASURE_REPRESENTATION_ITEM('density measure',
POSITIVE_RATIO_MEASURE(7850.),#3162);
#3168=PROPERTY_DEFINITION_REPRESENTATION(#3193,#3178);
#3169=PROPERTY_DEFINITION_REPRESENTATION(#3194,#3179);
#3170=PROPERTY_DEFINITION_REPRESENTATION(#3195,#3180);
#3171=PROPERTY_DEFINITION_REPRESENTATION(#3196,#3181);
#3172=PROPERTY_DEFINITION_REPRESENTATION(#3197,#3182);
#3173=PROPERTY_DEFINITION_REPRESENTATION(#3198,#3183);
#3174=PROPERTY_DEFINITION_REPRESENTATION(#3199,#3184);
#3175=PROPERTY_DEFINITION_REPRESENTATION(#3200,#3185);
#3176=PROPERTY_DEFINITION_REPRESENTATION(#3201,#3186);
#3177=PROPERTY_DEFINITION_REPRESENTATION(#3202,#3187);
#3178=REPRESENTATION('material name',(#3188),#5535);
#3179=REPRESENTATION('density',(#3163),#5535);
#3180=REPRESENTATION('material name',(#3189),#5536);
#3181=REPRESENTATION('density',(#3164),#5536);
#3182=REPRESENTATION('material name',(#3190),#5537);
#3183=REPRESENTATION('density',(#3165),#5537);
#3184=REPRESENTATION('material name',(#3191),#5538);
#3185=REPRESENTATION('density',(#3166),#5538);
#3186=REPRESENTATION('material name',(#3192),#5539);
#3187=REPRESENTATION('density',(#3167),#5539);
#3188=DESCRIPTIVE_REPRESENTATION_ITEM('Steel','Steel');
#3189=DESCRIPTIVE_REPRESENTATION_ITEM('Steel','Steel');
#3190=DESCRIPTIVE_REPRESENTATION_ITEM('Steel','Steel');
#3191=DESCRIPTIVE_REPRESENTATION_ITEM('Steel','Steel');
#3192=DESCRIPTIVE_REPRESENTATION_ITEM('Steel','Steel');
#3193=PROPERTY_DEFINITION('material property','material name',#5570);
#3194=PROPERTY_DEFINITION('material property','density of part',#5570);
#3195=PROPERTY_DEFINITION('material property','material name',#5571);
#3196=PROPERTY_DEFINITION('material property','density of part',#5571);
#3197=PROPERTY_DEFINITION('material property','material name',#5572);
#3198=PROPERTY_DEFINITION('material property','density of part',#5572);
#3199=PROPERTY_DEFINITION('material property','material name',#5573);
#3200=PROPERTY_DEFINITION('material property','density of part',#5573);
#3201=PROPERTY_DEFINITION('material property','material name',#5574);
#3202=PROPERTY_DEFINITION('material property','density of part',#5574);
#3203=AXIS2_PLACEMENT_3D('',#4326,#3462,#3463);
#3204=AXIS2_PLACEMENT_3D('',#4327,#3464,#3465);
#3205=AXIS2_PLACEMENT_3D('',#4579,#3475,#3476);
#3206=AXIS2_PLACEMENT_3D('',#4587,#3481,#3482);
#3207=AXIS2_PLACEMENT_3D('',#4623,#3501,#3502);
#3208=AXIS2_PLACEMENT_3D('',#4637,#3511,#3512);
#3209=AXIS2_PLACEMENT_3D('',#4641,#3515,#3516);
#3210=AXIS2_PLACEMENT_3D('',#4642,#3517,#3518);
#3211=AXIS2_PLACEMENT_3D('',#4647,#3520,#3521);
#3212=AXIS2_PLACEMENT_3D('',#4650,#3523,#3524);
#3213=AXIS2_PLACEMENT_3D('',#4651,#3525,#3526);
#3214=AXIS2_PLACEMENT_3D('',#4653,#3528,#3529);
#3215=AXIS2_PLACEMENT_3D('',#4655,#3531,#3532);
#3216=AXIS2_PLACEMENT_3D('',#4656,#3533,#3534);
#3217=AXIS2_PLACEMENT_3D('',#4657,#3535,#3536);
#3218=AXIS2_PLACEMENT_3D('',#4661,#3538,#3539);
#3219=AXIS2_PLACEMENT_3D('',#4662,#3540,#3541);
#3220=AXIS2_PLACEMENT_3D('',#4663,#3542,#3543);
#3221=AXIS2_PLACEMENT_3D('',#4665,#3545,#3546);
#3222=AXIS2_PLACEMENT_3D('',#4666,#3547,#3548);
#3223=AXIS2_PLACEMENT_3D('',#4667,#3549,#3550);
#3224=AXIS2_PLACEMENT_3D('',#4668,#3551,#3552);
#3225=AXIS2_PLACEMENT_3D('',#4673,#3554,#3555);
#3226=AXIS2_PLACEMENT_3D('',#4676,#3557,#3558);
#3227=AXIS2_PLACEMENT_3D('',#4677,#3559,#3560);
#3228=AXIS2_PLACEMENT_3D('',#4679,#3562,#3563);
#3229=AXIS2_PLACEMENT_3D('',#4681,#3565,#3566);
#3230=AXIS2_PLACEMENT_3D('',#4682,#3567,#3568);
#3231=AXIS2_PLACEMENT_3D('',#4683,#3569,#3570);
#3232=AXIS2_PLACEMENT_3D('',#4688,#3574,#3575);
#3233=AXIS2_PLACEMENT_3D('',#4699,#3582,#3583);
#3234=AXIS2_PLACEMENT_3D('',#4704,#3587,#3588);
#3235=AXIS2_PLACEMENT_3D('',#4710,#3592,#3593);
#3236=AXIS2_PLACEMENT_3D('',#4714,#3596,#3597);
#3237=AXIS2_PLACEMENT_3D('',#4718,#3600,#3601);
#3238=AXIS2_PLACEMENT_3D('',#4720,#3603,#3604);
#3239=AXIS2_PLACEMENT_3D('',#4721,#3605,#3606);
#3240=AXIS2_PLACEMENT_3D('',#4727,#3610,#3611);
#3241=AXIS2_PLACEMENT_3D('',#4731,#3614,#3615);
#3242=AXIS2_PLACEMENT_3D('',#4735,#3618,#3619);
#3243=AXIS2_PLACEMENT_3D('',#4737,#3621,#3622);
#3244=AXIS2_PLACEMENT_3D('',#4738,#3623,#3624);
#3245=AXIS2_PLACEMENT_3D('',#4744,#3628,#3629);
#3246=AXIS2_PLACEMENT_3D('',#4748,#3632,#3633);
#3247=AXIS2_PLACEMENT_3D('',#4752,#3636,#3637);
#3248=AXIS2_PLACEMENT_3D('',#4754,#3639,#3640);
#3249=AXIS2_PLACEMENT_3D('',#4755,#3641,#3642);
#3250=AXIS2_PLACEMENT_3D('',#4761,#3646,#3647);
#3251=AXIS2_PLACEMENT_3D('',#4765,#3650,#3651);
#3252=AXIS2_PLACEMENT_3D('',#4769,#3654,#3655);
#3253=AXIS2_PLACEMENT_3D('',#4771,#3657,#3658);
#3254=AXIS2_PLACEMENT_3D('',#4772,#3659,#3660);
#3255=AXIS2_PLACEMENT_3D('',#4778,#3664,#3665);
#3256=AXIS2_PLACEMENT_3D('',#4782,#3668,#3669);
#3257=AXIS2_PLACEMENT_3D('',#4786,#3672,#3673);
#3258=AXIS2_PLACEMENT_3D('',#4788,#3675,#3676);
#3259=AXIS2_PLACEMENT_3D('',#4790,#3678,#3679);
#3260=AXIS2_PLACEMENT_3D('',#4791,#3680,#3681);
#3261=AXIS2_PLACEMENT_3D('',#4793,#3683,#3684);
#3262=AXIS2_PLACEMENT_3D('',#4795,#3686,#3687);
#3263=AXIS2_PLACEMENT_3D('',#4825,#3688,#3689);
#3264=AXIS2_PLACEMENT_3D('',#4827,#3690,#3691);
#3265=AXIS2_PLACEMENT_3D('',#4828,#3692,#3693);
#3266=AXIS2_PLACEMENT_3D('',#4829,#3694,#3695);
#3267=AXIS2_PLACEMENT_3D('',#4830,#3696,#3697);
#3268=AXIS2_PLACEMENT_3D('',#4833,#3699,#3700);
#3269=AXIS2_PLACEMENT_3D('',#4834,#3701,#3702);
#3270=AXIS2_PLACEMENT_3D('',#4835,#3703,#3704);
#3271=AXIS2_PLACEMENT_3D('',#4838,#3705,#3706);
#3272=AXIS2_PLACEMENT_3D('',#4842,#3708,#3709);
#3273=AXIS2_PLACEMENT_3D('',#4844,#3711,#3712);
#3274=AXIS2_PLACEMENT_3D('',#4850,#3716,#3717);
#3275=AXIS2_PLACEMENT_3D('',#4856,#3721,#3722);
#3276=AXIS2_PLACEMENT_3D('',#4859,#3725,#3726);
#3277=AXIS2_PLACEMENT_3D('',#4860,#3727,#3728);
#3278=AXIS2_PLACEMENT_3D('',#4861,#3729,#3730);
#3279=AXIS2_PLACEMENT_3D('',#4862,#3731,#3732);
#3280=AXIS2_PLACEMENT_3D('',#4867,#3734,#3735);
#3281=AXIS2_PLACEMENT_3D('',#4870,#3737,#3738);
#3282=AXIS2_PLACEMENT_3D('',#4871,#3739,#3740);
#3283=AXIS2_PLACEMENT_3D('',#4876,#3742,#3743);
#3284=AXIS2_PLACEMENT_3D('',#4879,#3745,#3746);
#3285=AXIS2_PLACEMENT_3D('',#4880,#3747,#3748);
#3286=AXIS2_PLACEMENT_3D('',#4882,#3749,#3750);
#3287=AXIS2_PLACEMENT_3D('',#4885,#3752,#3753);
#3288=AXIS2_PLACEMENT_3D('',#4887,#3755,#3756);
#3289=AXIS2_PLACEMENT_3D('',#4888,#3757,#3758);
#3290=AXIS2_PLACEMENT_3D('',#4889,#3759,#3760);
#3291=AXIS2_PLACEMENT_3D('',#4891,#3762,#3763);
#3292=AXIS2_PLACEMENT_3D('',#4892,#3764,#3765);
#3293=AXIS2_PLACEMENT_3D('',#4893,#3766,#3767);
#3294=AXIS2_PLACEMENT_3D('',#4894,#3768,#3769);
#3295=AXIS2_PLACEMENT_3D('',#4896,#3771,#3772);
#3296=AXIS2_PLACEMENT_3D('',#4897,#3773,#3774);
#3297=AXIS2_PLACEMENT_3D('',#4898,#3775,#3776);
#3298=AXIS2_PLACEMENT_3D('',#4910,#3784,#3785);
#3299=AXIS2_PLACEMENT_3D('',#4916,#3789,#3790);
#3300=AXIS2_PLACEMENT_3D('',#4920,#3793,#3794);
#3301=AXIS2_PLACEMENT_3D('',#4924,#3797,#3798);
#3302=AXIS2_PLACEMENT_3D('',#4926,#3800,#3801);
#3303=AXIS2_PLACEMENT_3D('',#4955,#3802,#3803);
#3304=AXIS2_PLACEMENT_3D('',#4957,#3804,#3805);
#3305=AXIS2_PLACEMENT_3D('',#4959,#3806,#3807);
#3306=AXIS2_PLACEMENT_3D('',#4960,#3808,#3809);
#3307=AXIS2_PLACEMENT_3D('',#4961,#3810,#3811);
#3308=AXIS2_PLACEMENT_3D('',#4963,#3812,#3813);
#3309=AXIS2_PLACEMENT_3D('',#4965,#3815,#3816);
#3310=AXIS2_PLACEMENT_3D('',#4966,#3817,#3818);
#3311=AXIS2_PLACEMENT_3D('',#4975,#3823,#3824);
#3312=AXIS2_PLACEMENT_3D('',#4977,#3825,#3826);
#3313=AXIS2_PLACEMENT_3D('',#4979,#3827,#3828);
#3314=AXIS2_PLACEMENT_3D('',#4981,#3830,#3831);
#3315=AXIS2_PLACEMENT_3D('',#4987,#3835,#3836);
#3316=AXIS2_PLACEMENT_3D('',#4990,#3839,#3840);
#3317=AXIS2_PLACEMENT_3D('',#4991,#3841,#3842);
#3318=AXIS2_PLACEMENT_3D('',#4992,#3843,#3844);
#3319=AXIS2_PLACEMENT_3D('',#4993,#3845,#3846);
#3320=AXIS2_PLACEMENT_3D('',#4998,#3848,#3849);
#3321=AXIS2_PLACEMENT_3D('',#5001,#3851,#3852);
#3322=AXIS2_PLACEMENT_3D('',#5002,#3853,#3854);
#3323=AXIS2_PLACEMENT_3D('',#5004,#3856,#3857);
#3324=AXIS2_PLACEMENT_3D('',#5006,#3859,#3860);
#3325=AXIS2_PLACEMENT_3D('',#5007,#3861,#3862);
#3326=AXIS2_PLACEMENT_3D('',#5008,#3863,#3864);
#3327=AXIS2_PLACEMENT_3D('',#5013,#3866,#3867);
#3328=AXIS2_PLACEMENT_3D('',#5016,#3869,#3870);
#3329=AXIS2_PLACEMENT_3D('',#5017,#3871,#3872);
#3330=AXIS2_PLACEMENT_3D('',#5019,#3874,#3875);
#3331=AXIS2_PLACEMENT_3D('',#5021,#3877,#3878);
#3332=AXIS2_PLACEMENT_3D('',#5022,#3879,#3880);
#3333=AXIS2_PLACEMENT_3D('',#5023,#3881,#3882);
#3334=AXIS2_PLACEMENT_3D('',#5028,#3884,#3885);
#3335=AXIS2_PLACEMENT_3D('',#5031,#3887,#3888);
#3336=AXIS2_PLACEMENT_3D('',#5032,#3889,#3890);
#3337=AXIS2_PLACEMENT_3D('',#5034,#3892,#3893);
#3338=AXIS2_PLACEMENT_3D('',#5036,#3895,#3896);
#3339=AXIS2_PLACEMENT_3D('',#5037,#3897,#3898);
#3340=AXIS2_PLACEMENT_3D('',#5038,#3899,#3900);
#3341=AXIS2_PLACEMENT_3D('',#5045,#3905,#3906);
#3342=AXIS2_PLACEMENT_3D('',#5056,#3913,#3914);
#3343=AXIS2_PLACEMENT_3D('',#5063,#3919,#3920);
#3344=AXIS2_PLACEMENT_3D('',#5072,#3925,#3926);
#3345=AXIS2_PLACEMENT_3D('',#5078,#3930,#3931);
#3346=AXIS2_PLACEMENT_3D('',#5084,#3935,#3936);
#3347=AXIS2_PLACEMENT_3D('',#5087,#3939,#3940);
#3348=AXIS2_PLACEMENT_3D('',#5088,#3941,#3942);
#3349=AXIS2_PLACEMENT_3D('',#5097,#3947,#3948);
#3350=AXIS2_PLACEMENT_3D('',#5103,#3952,#3953);
#3351=AXIS2_PLACEMENT_3D('',#5109,#3957,#3958);
#3352=AXIS2_PLACEMENT_3D('',#5112,#3961,#3962);
#3353=AXIS2_PLACEMENT_3D('',#5113,#3963,#3964);
#3354=AXIS2_PLACEMENT_3D('',#5122,#3969,#3970);
#3355=AXIS2_PLACEMENT_3D('',#5128,#3974,#3975);
#3356=AXIS2_PLACEMENT_3D('',#5134,#3979,#3980);
#3357=AXIS2_PLACEMENT_3D('',#5137,#3983,#3984);
#3358=AXIS2_PLACEMENT_3D('',#5138,#3985,#3986);
#3359=AXIS2_PLACEMENT_3D('',#5147,#3991,#3992);
#3360=AXIS2_PLACEMENT_3D('',#5153,#3996,#3997);
#3361=AXIS2_PLACEMENT_3D('',#5159,#4001,#4002);
#3362=AXIS2_PLACEMENT_3D('',#5162,#4005,#4006);
#3363=AXIS2_PLACEMENT_3D('',#5163,#4007,#4008);
#3364=AXIS2_PLACEMENT_3D('',#5169,#4012,#4013);
#3365=AXIS2_PLACEMENT_3D('',#5173,#4016,#4017);
#3366=AXIS2_PLACEMENT_3D('',#5177,#4020,#4021);
#3367=AXIS2_PLACEMENT_3D('',#5179,#4023,#4024);
#3368=AXIS2_PLACEMENT_3D('',#5188,#4029,#4030);
#3369=AXIS2_PLACEMENT_3D('',#5194,#4034,#4035);
#3370=AXIS2_PLACEMENT_3D('',#5200,#4039,#4040);
#3371=AXIS2_PLACEMENT_3D('',#5203,#4043,#4044);
#3372=AXIS2_PLACEMENT_3D('',#5204,#4045,#4046);
#3373=AXIS2_PLACEMENT_3D('',#5210,#4050,#4051);
#3374=AXIS2_PLACEMENT_3D('',#5216,#4055,#4056);
#3375=AXIS2_PLACEMENT_3D('',#5219,#4059,#4060);
#3376=AXIS2_PLACEMENT_3D('',#5220,#4061,#4062);
#3377=AXIS2_PLACEMENT_3D('',#5250,#4063,#4064);
#3378=AXIS2_PLACEMENT_3D('',#5251,#4065,#4066);
#3379=AXIS2_PLACEMENT_3D('',#5253,#4067,#4068);
#3380=AXIS2_PLACEMENT_3D('',#5254,#4069,#4070);
#3381=AXIS2_PLACEMENT_3D('',#5255,#4071,#4072);
#3382=AXIS2_PLACEMENT_3D('',#5258,#4074,#4075);
#3383=AXIS2_PLACEMENT_3D('',#5259,#4076,#4077);
#3384=AXIS2_PLACEMENT_3D('',#5260,#4078,#4079);
#3385=AXIS2_PLACEMENT_3D('',#5263,#4080,#4081);
#3386=AXIS2_PLACEMENT_3D('',#5267,#4083,#4084);
#3387=AXIS2_PLACEMENT_3D('',#5269,#4086,#4087);
#3388=AXIS2_PLACEMENT_3D('',#5275,#4091,#4092);
#3389=AXIS2_PLACEMENT_3D('',#5281,#4096,#4097);
#3390=AXIS2_PLACEMENT_3D('',#5284,#4100,#4101);
#3391=AXIS2_PLACEMENT_3D('',#5285,#4102,#4103);
#3392=AXIS2_PLACEMENT_3D('',#5286,#4104,#4105);
#3393=AXIS2_PLACEMENT_3D('',#5287,#4106,#4107);
#3394=AXIS2_PLACEMENT_3D('',#5292,#4109,#4110);
#3395=AXIS2_PLACEMENT_3D('',#5295,#4112,#4113);
#3396=AXIS2_PLACEMENT_3D('',#5296,#4114,#4115);
#3397=AXIS2_PLACEMENT_3D('',#5301,#4117,#4118);
#3398=AXIS2_PLACEMENT_3D('',#5304,#4120,#4121);
#3399=AXIS2_PLACEMENT_3D('',#5305,#4122,#4123);
#3400=AXIS2_PLACEMENT_3D('',#5307,#4124,#4125);
#3401=AXIS2_PLACEMENT_3D('',#5310,#4127,#4128);
#3402=AXIS2_PLACEMENT_3D('',#5312,#4130,#4131);
#3403=AXIS2_PLACEMENT_3D('',#5313,#4132,#4133);
#3404=AXIS2_PLACEMENT_3D('',#5314,#4134,#4135);
#3405=AXIS2_PLACEMENT_3D('',#5316,#4137,#4138);
#3406=AXIS2_PLACEMENT_3D('',#5317,#4139,#4140);
#3407=AXIS2_PLACEMENT_3D('',#5318,#4141,#4142);
#3408=AXIS2_PLACEMENT_3D('',#5319,#4143,#4144);
#3409=AXIS2_PLACEMENT_3D('',#5321,#4146,#4147);
#3410=AXIS2_PLACEMENT_3D('',#5322,#4148,#4149);
#3411=AXIS2_PLACEMENT_3D('',#5323,#4150,#4151);
#3412=AXIS2_PLACEMENT_3D('',#5335,#4159,#4160);
#3413=AXIS2_PLACEMENT_3D('',#5341,#4164,#4165);
#3414=AXIS2_PLACEMENT_3D('',#5345,#4168,#4169);
#3415=AXIS2_PLACEMENT_3D('',#5349,#4172,#4173);
#3416=AXIS2_PLACEMENT_3D('',#5351,#4175,#4176);
#3417=AXIS2_PLACEMENT_3D('',#5380,#4177,#4178);
#3418=AXIS2_PLACEMENT_3D('',#5382,#4179,#4180);
#3419=AXIS2_PLACEMENT_3D('',#5384,#4181,#4182);
#3420=AXIS2_PLACEMENT_3D('',#5385,#4183,#4184);
#3421=AXIS2_PLACEMENT_3D('',#5386,#4185,#4186);
#3422=AXIS2_PLACEMENT_3D('',#5388,#4187,#4188);
#3423=AXIS2_PLACEMENT_3D('',#5390,#4190,#4191);
#3424=AXIS2_PLACEMENT_3D('',#5391,#4192,#4193);
#3425=AXIS2_PLACEMENT_3D('',#5400,#4198,#4199);
#3426=AXIS2_PLACEMENT_3D('',#5402,#4200,#4201);
#3427=AXIS2_PLACEMENT_3D('',#5405,#4203,#4204);
#3428=AXIS2_PLACEMENT_3D('',#5406,#4205,#4206);
#3429=AXIS2_PLACEMENT_3D('',#5412,#4210,#4211);
#3430=AXIS2_PLACEMENT_3D('',#5415,#4214,#4215);
#3431=AXIS2_PLACEMENT_3D('',#5416,#4216,#4217);
#3432=AXIS2_PLACEMENT_3D('',#5417,#4218,#4219);
#3433=AXIS2_PLACEMENT_3D('',#5418,#4220,#4221);
#3434=AXIS2_PLACEMENT_3D('',#5427,#4226,#4227);
#3435=AXIS2_PLACEMENT_3D('',#5433,#4231,#4232);
#3436=AXIS2_PLACEMENT_3D('',#5439,#4236,#4237);
#3437=AXIS2_PLACEMENT_3D('',#5442,#4240,#4241);
#3438=AXIS2_PLACEMENT_3D('',#5443,#4242,#4243);
#3439=AXIS2_PLACEMENT_3D('',#5444,#4244,#4245);
#3440=AXIS2_PLACEMENT_3D('',#5453,#4250,#4251);
#3441=AXIS2_PLACEMENT_3D('',#5459,#4255,#4256);
#3442=AXIS2_PLACEMENT_3D('',#5465,#4260,#4261);
#3443=AXIS2_PLACEMENT_3D('',#5468,#4264,#4265);
#3444=AXIS2_PLACEMENT_3D('',#5469,#4266,#4267);
#3445=AXIS2_PLACEMENT_3D('',#5470,#4268,#4269);
#3446=AXIS2_PLACEMENT_3D('',#5479,#4274,#4275);
#3447=AXIS2_PLACEMENT_3D('',#5485,#4279,#4280);
#3448=AXIS2_PLACEMENT_3D('',#5491,#4284,#4285);
#3449=AXIS2_PLACEMENT_3D('',#5494,#4288,#4289);
#3450=AXIS2_PLACEMENT_3D('',#5495,#4290,#4291);
#3451=AXIS2_PLACEMENT_3D('',#5496,#4292,#4293);
#3452=AXIS2_PLACEMENT_3D('',#5505,#4298,#4299);
#3453=AXIS2_PLACEMENT_3D('',#5511,#4303,#4304);
#3454=AXIS2_PLACEMENT_3D('',#5517,#4308,#4309);
#3455=AXIS2_PLACEMENT_3D('',#5520,#4312,#4313);
#3456=AXIS2_PLACEMENT_3D('',#5521,#4314,#4315);
#3457=AXIS2_PLACEMENT_3D('',#5522,#4316,#4317);
#3458=AXIS2_PLACEMENT_3D('',#5523,#4318,#4319);
#3459=AXIS2_PLACEMENT_3D('',#5524,#4320,#4321);
#3460=AXIS2_PLACEMENT_3D('',#5525,#4322,#4323);
#3461=AXIS2_PLACEMENT_3D('',#5526,#4324,#4325);
#3462=DIRECTION('axis',(0.,0.,1.));
#3463=DIRECTION('refdir',(1.,0.,0.));
#3464=DIRECTION('axis',(0.,0.,1.));
#3465=DIRECTION('refdir',(1.,0.,0.));
#3466=DIRECTION('',(-1.,0.,0.));
#3467=DIRECTION('',(1.,0.,0.));
#3468=DIRECTION('',(0.,0.,-1.));
#3469=DIRECTION('',(0.,0.,1.));
#3470=DIRECTION('',(0.,0.,-1.));
#3471=DIRECTION('',(0.,0.,1.));
#3472=DIRECTION('',(-1.,0.,0.));
#3473=DIRECTION('',(1.,0.,0.));
#3474=DIRECTION('',(-1.,0.,0.));
#3475=DIRECTION('center_axis',(-1.,0.,0.));
#3476=DIRECTION('ref_axis',(0.,-1.,0.));
#3477=DIRECTION('',(0.,0.,-1.));
#3478=DIRECTION('',(0.,1.,0.));
#3479=DIRECTION('',(0.,0.,1.));
#3480=DIRECTION('',(0.,1.,0.));
#3481=DIRECTION('center_axis',(0.,-1.,0.));
#3482=DIRECTION('ref_axis',(1.,0.,0.));
#3483=DIRECTION('',(0.,0.,-1.));
#3484=DIRECTION('',(-1.,0.,0.));
#3485=DIRECTION('',(0.,0.,-1.));
#3486=DIRECTION('',(1.,0.,0.));
#3487=DIRECTION('',(0.,0.,1.));
#3488=DIRECTION('',(-1.,0.,0.));
#3489=DIRECTION('',(0.,0.,-1.));
#3490=DIRECTION('',(1.,0.,0.));
#3491=DIRECTION('',(0.,0.,1.));
#3492=DIRECTION('',(-1.,0.,0.));
#3493=DIRECTION('',(0.,0.,-1.));
#3494=DIRECTION('',(1.,0.,0.));
#3495=DIRECTION('',(0.,0.,1.));
#3496=DIRECTION('',(-1.,0.,0.));
#3497=DIRECTION('',(0.,0.,-1.));
#3498=DIRECTION('',(1.,0.,0.));
#3499=DIRECTION('',(0.,0.,1.));
#3500=DIRECTION('',(-1.,0.,0.));
#3501=DIRECTION('center_axis',(0.,0.,1.));
#3502=DIRECTION('ref_axis',(1.,0.,0.));
#3503=DIRECTION('',(1.,0.,0.));
#3504=DIRECTION('',(0.,-1.,0.));
#3505=DIRECTION('',(0.,1.,0.));
#3506=DIRECTION('',(-1.,0.,0.));
#3507=DIRECTION('',(0.,-1.,0.));
#3508=DIRECTION('',(0.,-1.,0.));
#3509=DIRECTION('',(-1.,0.,0.));
#3510=DIRECTION('',(0.,-1.,0.));
#3511=DIRECTION('center_axis',(1.,0.,0.));
#3512=DIRECTION('ref_axis',(0.,1.,0.));
#3513=DIRECTION('',(0.,0.,-1.));
#3514=DIRECTION('',(0.,-1.,0.));
#3515=DIRECTION('center_axis',(0.,-1.,0.));
#3516=DIRECTION('ref_axis',(1.,0.,0.));
#3517=DIRECTION('center_axis',(0.,-1.,0.));
#3518=DIRECTION('ref_axis',(-1.,0.,0.));
#3519=DIRECTION('',(0.,-1.,0.));
#3520=DIRECTION('center_axis',(0.,-1.,0.));
#3521=DIRECTION('ref_axis',(-1.,0.,0.));
#3522=DIRECTION('',(0.,-1.,0.));
#3523=DIRECTION('center_axis',(0.,-1.,0.));
#3524=DIRECTION('ref_axis',(-1.,0.,0.));
#3525=DIRECTION('center_axis',(0.,-1.,0.));
#3526=DIRECTION('ref_axis',(-1.,0.,0.));
#3527=DIRECTION('',(0.,-1.,0.));
#3528=DIRECTION('center_axis',(0.,-1.,0.));
#3529=DIRECTION('ref_axis',(-1.,0.,0.));
#3530=DIRECTION('',(0.,-1.,0.));
#3531=DIRECTION('center_axis',(0.,-1.,0.));
#3532=DIRECTION('ref_axis',(-1.,0.,0.));
#3533=DIRECTION('center_axis',(0.,1.,0.));
#3534=DIRECTION('ref_axis',(-1.,0.,0.));
#3535=DIRECTION('center_axis',(0.,-1.,0.));
#3536=DIRECTION('ref_axis',(1.,0.,-1.22464679914735E-16));
#3537=DIRECTION('',(0.,-1.,0.));
#3538=DIRECTION('center_axis',(0.,-1.,0.));
#3539=DIRECTION('ref_axis',(-1.,0.,0.));
#3540=DIRECTION('center_axis',(0.,-1.,0.));
#3541=DIRECTION('ref_axis',(-1.,0.,0.));
#3542=DIRECTION('center_axis',(0.,-1.,0.));
#3543=DIRECTION('ref_axis',(-1.,0.,0.));
#3544=DIRECTION('',(0.,-1.,0.));
#3545=DIRECTION('center_axis',(0.,-1.,0.));
#3546=DIRECTION('ref_axis',(-1.,0.,0.));
#3547=DIRECTION('center_axis',(0.,-1.,0.));
#3548=DIRECTION('ref_axis',(-1.,0.,0.));
#3549=DIRECTION('center_axis',(0.,1.,0.));
#3550=DIRECTION('ref_axis',(-1.,0.,0.));
#3551=DIRECTION('center_axis',(0.,-1.,0.));
#3552=DIRECTION('ref_axis',(-1.,0.,0.));
#3553=DIRECTION('',(0.,-1.,0.));
#3554=DIRECTION('center_axis',(0.,-1.,0.));
#3555=DIRECTION('ref_axis',(-1.,0.,0.));
#3556=DIRECTION('',(0.,-1.,0.));
#3557=DIRECTION('center_axis',(0.,-1.,0.));
#3558=DIRECTION('ref_axis',(-1.,0.,0.));
#3559=DIRECTION('center_axis',(0.,-1.,0.));
#3560=DIRECTION('ref_axis',(-1.,0.,0.));
#3561=DIRECTION('',(0.,-1.,0.));
#3562=DIRECTION('center_axis',(0.,-1.,0.));
#3563=DIRECTION('ref_axis',(-1.,0.,0.));
#3564=DIRECTION('',(0.,-1.,0.));
#3565=DIRECTION('center_axis',(0.,-1.,0.));
#3566=DIRECTION('ref_axis',(-1.,0.,0.));
#3567=DIRECTION('center_axis',(0.,1.,0.));
#3568=DIRECTION('ref_axis',(-1.,0.,0.));
#3569=DIRECTION('center_axis',(0.,1.,0.));
#3570=DIRECTION('ref_axis',(-1.,0.,0.));
#3571=DIRECTION('',(-1.,0.,0.));
#3572=DIRECTION('',(0.,0.,-1.));
#3573=DIRECTION('',(0.,0.,1.));
#3574=DIRECTION('center_axis',(0.,1.,0.));
#3575=DIRECTION('ref_axis',(-1.,0.,0.));
#3576=DIRECTION('',(0.,0.,1.));
#3577=DIRECTION('',(-1.,0.,0.));
#3578=DIRECTION('',(0.,0.,1.));
#3579=DIRECTION('',(0.,0.,-1.));
#3580=DIRECTION('',(1.,0.,0.));
#3581=DIRECTION('',(0.,0.,1.));
#3582=DIRECTION('center_axis',(0.,1.,0.));
#3583=DIRECTION('ref_axis',(-1.,0.,0.));
#3584=DIRECTION('',(0.,0.,1.));
#3585=DIRECTION('',(-1.,0.,0.));
#3586=DIRECTION('',(0.,0.,1.));
#3587=DIRECTION('center_axis',(-1.,0.,0.));
#3588=DIRECTION('ref_axis',(0.,0.,1.));
#3589=DIRECTION('',(0.,1.,0.));
#3590=DIRECTION('',(0.,0.,1.));
#3591=DIRECTION('',(0.,1.,0.));
#3592=DIRECTION('center_axis',(0.,0.,-1.));
#3593=DIRECTION('ref_axis',(-1.,0.,0.));
#3594=DIRECTION('',(-1.,0.,0.));
#3595=DIRECTION('',(0.,1.,0.));
#3596=DIRECTION('center_axis',(1.,0.,0.));
#3597=DIRECTION('ref_axis',(0.,0.,-1.));
#3598=DIRECTION('',(0.,0.,-1.));
#3599=DIRECTION('',(0.,1.,0.));
#3600=DIRECTION('center_axis',(0.,0.,1.));
#3601=DIRECTION('ref_axis',(1.,0.,0.));
#3602=DIRECTION('',(1.,0.,0.));
#3603=DIRECTION('center_axis',(0.,1.,0.));
#3604=DIRECTION('ref_axis',(0.,0.,1.));
#3605=DIRECTION('center_axis',(-1.,0.,0.));
#3606=DIRECTION('ref_axis',(0.,0.,1.));
#3607=DIRECTION('',(0.,1.,0.));
#3608=DIRECTION('',(0.,0.,1.));
#3609=DIRECTION('',(0.,1.,0.));
#3610=DIRECTION('center_axis',(0.,0.,-1.));
#3611=DIRECTION('ref_axis',(-1.,0.,0.));
#3612=DIRECTION('',(-1.,0.,0.));
#3613=DIRECTION('',(0.,1.,0.));
#3614=DIRECTION('center_axis',(1.,0.,0.));
#3615=DIRECTION('ref_axis',(0.,0.,-1.));
#3616=DIRECTION('',(0.,0.,-1.));
#3617=DIRECTION('',(0.,1.,0.));
#3618=DIRECTION('center_axis',(0.,0.,1.));
#3619=DIRECTION('ref_axis',(1.,0.,0.));
#3620=DIRECTION('',(1.,0.,0.));
#3621=DIRECTION('center_axis',(0.,1.,0.));
#3622=DIRECTION('ref_axis',(0.,0.,1.));
#3623=DIRECTION('center_axis',(-1.,0.,0.));
#3624=DIRECTION('ref_axis',(0.,0.,1.));
#3625=DIRECTION('',(0.,1.,0.));
#3626=DIRECTION('',(0.,0.,1.));
#3627=DIRECTION('',(0.,1.,0.));
#3628=DIRECTION('center_axis',(0.,0.,-1.));
#3629=DIRECTION('ref_axis',(-1.,0.,0.));
#3630=DIRECTION('',(-1.,0.,0.));
#3631=DIRECTION('',(0.,1.,0.));
#3632=DIRECTION('center_axis',(1.,0.,0.));
#3633=DIRECTION('ref_axis',(0.,0.,-1.));
#3634=DIRECTION('',(0.,0.,-1.));
#3635=DIRECTION('',(0.,1.,0.));
#3636=DIRECTION('center_axis',(0.,0.,1.));
#3637=DIRECTION('ref_axis',(1.,0.,0.));
#3638=DIRECTION('',(1.,0.,0.));
#3639=DIRECTION('center_axis',(0.,1.,0.));
#3640=DIRECTION('ref_axis',(0.,0.,1.));
#3641=DIRECTION('center_axis',(-1.,0.,0.));
#3642=DIRECTION('ref_axis',(0.,0.,1.));
#3643=DIRECTION('',(0.,1.,0.));
#3644=DIRECTION('',(0.,0.,1.));
#3645=DIRECTION('',(0.,1.,0.));
#3646=DIRECTION('center_axis',(0.,0.,-1.));
#3647=DIRECTION('ref_axis',(-1.,0.,0.));
#3648=DIRECTION('',(-1.,0.,0.));
#3649=DIRECTION('',(0.,1.,0.));
#3650=DIRECTION('center_axis',(1.,0.,0.));
#3651=DIRECTION('ref_axis',(0.,0.,-1.));
#3652=DIRECTION('',(0.,0.,-1.));
#3653=DIRECTION('',(0.,1.,0.));
#3654=DIRECTION('center_axis',(0.,0.,1.));
#3655=DIRECTION('ref_axis',(1.,0.,0.));
#3656=DIRECTION('',(1.,0.,0.));
#3657=DIRECTION('center_axis',(0.,1.,0.));
#3658=DIRECTION('ref_axis',(0.,0.,1.));
#3659=DIRECTION('center_axis',(1.,0.,0.));
#3660=DIRECTION('ref_axis',(0.,0.,1.));
#3661=DIRECTION('',(0.,-1.,0.));
#3662=DIRECTION('',(0.,0.,-1.));
#3663=DIRECTION('',(0.,-1.,0.));
#3664=DIRECTION('center_axis',(0.,0.,-1.));
#3665=DIRECTION('ref_axis',(1.,0.,0.));
#3666=DIRECTION('',(0.,-1.,0.));
#3667=DIRECTION('',(-1.,0.,0.));
#3668=DIRECTION('center_axis',(-1.,0.,0.));
#3669=DIRECTION('ref_axis',(0.,0.,-1.));
#3670=DIRECTION('',(0.,-1.,0.));
#3671=DIRECTION('',(0.,0.,1.));
#3672=DIRECTION('center_axis',(0.,0.,1.));
#3673=DIRECTION('ref_axis',(-1.,0.,0.));
#3674=DIRECTION('',(1.,0.,0.));
#3675=DIRECTION('center_axis',(0.,1.,0.));
#3676=DIRECTION('ref_axis',(-1.,0.,0.));
#3677=DIRECTION('',(1.,0.,0.));
#3678=DIRECTION('center_axis',(0.,0.,1.));
#3679=DIRECTION('ref_axis',(1.,0.,0.));
#3680=DIRECTION('center_axis',(1.,0.,0.));
#3681=DIRECTION('ref_axis',(0.,1.,0.));
#3682=DIRECTION('',(0.,1.,0.));
#3683=DIRECTION('center_axis',(-1.,0.,0.));
#3684=DIRECTION('ref_axis',(0.,-1.,0.));
#3685=DIRECTION('',(0.,-1.,0.));
#3686=DIRECTION('center_axis',(0.,0.,1.));
#3687=DIRECTION('ref_axis',(1.,0.,0.));
#3688=DIRECTION('center_axis',(1.,0.,0.));
#3689=DIRECTION('ref_axis',(0.,1.,0.));
#3690=DIRECTION('center_axis',(0.,-1.,0.));
#3691=DIRECTION('ref_axis',(0.,0.,-1.));
#3692=DIRECTION('center_axis',(-1.,0.,0.));
#3693=DIRECTION('ref_axis',(0.,1.,0.));
#3694=DIRECTION('center_axis',(1.,0.,0.));
#3695=DIRECTION('ref_axis',(0.,1.,0.));
#3696=DIRECTION('center_axis',(-1.,0.,0.));
#3697=DIRECTION('ref_axis',(0.,1.,2.64697795030893E-24));
#3698=DIRECTION('',(-0.970295726275997,-0.241921895599668,-2.96268881493412E-17));
#3699=DIRECTION('center_axis',(-1.,0.,0.));
#3700=DIRECTION('ref_axis',(0.,1.,2.64697795030893E-24));
#3701=DIRECTION('center_axis',(1.,0.,0.));
#3702=DIRECTION('ref_axis',(0.,1.,2.64697795030893E-24));
#3703=DIRECTION('center_axis',(1.,0.,0.));
#3704=DIRECTION('ref_axis',(0.,0.943389318377409,-0.331687494445309));
#3705=DIRECTION('center_axis',(-1.,0.,0.));
#3706=DIRECTION('ref_axis',(0.,-1.,0.));
#3707=DIRECTION('',(1.,0.,0.));
#3708=DIRECTION('center_axis',(1.,0.,0.));
#3709=DIRECTION('ref_axis',(0.,-1.,0.));
#3710=DIRECTION('',(1.,0.,0.));
#3711=DIRECTION('center_axis',(0.,-0.625820878598142,-0.779966812057186));
#3712=DIRECTION('ref_axis',(0.,0.779966812057186,-0.625820878598142));
#3713=DIRECTION('',(0.,0.779966812057186,-0.625820878598142));
#3714=DIRECTION('',(0.,0.779966812057186,-0.625820878598142));
#3715=DIRECTION('',(1.,0.,0.));
#3716=DIRECTION('center_axis',(0.,0.,1.));
#3717=DIRECTION('ref_axis',(0.,-1.,0.));
#3718=DIRECTION('',(0.,-1.,0.));
#3719=DIRECTION('',(0.,-1.,0.));
#3720=DIRECTION('',(1.,0.,0.));
#3721=DIRECTION('center_axis',(0.,1.,0.));
#3722=DIRECTION('ref_axis',(0.,0.,1.));
#3723=DIRECTION('',(0.,0.,-1.));
#3724=DIRECTION('',(0.,0.,1.));
#3725=DIRECTION('center_axis',(-1.,0.,0.));
#3726=DIRECTION('ref_axis',(0.,-1.,0.));
#3727=DIRECTION('center_axis',(-1.,0.,0.));
#3728=DIRECTION('ref_axis',(0.,-1.,0.));
#3729=DIRECTION('axis',(0.,0.,1.));
#3730=DIRECTION('refdir',(1.,0.,0.));
#3731=DIRECTION('center_axis',(0.,-1.,0.));
#3732=DIRECTION('ref_axis',(-1.,0.,0.));
#3733=DIRECTION('',(0.,-1.,0.));
#3734=DIRECTION('center_axis',(0.,-1.,4.44089209850063E-16));
#3735=DIRECTION('ref_axis',(-1.,0.,0.));
#3736=DIRECTION('',(0.,-1.,0.));
#3737=DIRECTION('center_axis',(0.,-1.,0.));
#3738=DIRECTION('ref_axis',(-1.,0.,0.));
#3739=DIRECTION('center_axis',(0.,-1.,0.));
#3740=DIRECTION('ref_axis',(-1.,0.,0.));
#3741=DIRECTION('',(0.,-1.,0.));
#3742=DIRECTION('center_axis',(0.,-1.,4.44089209850063E-16));
#3743=DIRECTION('ref_axis',(-1.,0.,0.));
#3744=DIRECTION('',(0.,-1.,0.));
#3745=DIRECTION('center_axis',(0.,-1.,0.));
#3746=DIRECTION('ref_axis',(-1.,0.,0.));
#3747=DIRECTION('center_axis',(0.,-1.,0.));
#3748=DIRECTION('ref_axis',(-1.,0.,0.));
#3749=DIRECTION('center_axis',(0.,-1.,4.44089209850063E-16));
#3750=DIRECTION('ref_axis',(-1.,0.,0.));
#3751=DIRECTION('',(0.,-1.,0.));
#3752=DIRECTION('center_axis',(0.,-1.,0.));
#3753=DIRECTION('ref_axis',(-1.,0.,0.));
#3754=DIRECTION('',(0.,-1.,0.));
#3755=DIRECTION('center_axis',(0.,1.,0.));
#3756=DIRECTION('ref_axis',(-1.,0.,0.));
#3757=DIRECTION('center_axis',(0.,-1.,0.));
#3758=DIRECTION('ref_axis',(-1.,0.,0.));
#3759=DIRECTION('center_axis',(0.,-1.,0.));
#3760=DIRECTION('ref_axis',(-1.,0.,0.));
#3761=DIRECTION('',(0.,-1.,0.));
#3762=DIRECTION('center_axis',(0.,-1.,4.44089209850063E-16));
#3763=DIRECTION('ref_axis',(-1.,0.,0.));
#3764=DIRECTION('center_axis',(0.,1.,0.));
#3765=DIRECTION('ref_axis',(-1.,0.,0.));
#3766=DIRECTION('center_axis',(0.,-1.,0.));
#3767=DIRECTION('ref_axis',(-1.,0.,0.));
#3768=DIRECTION('center_axis',(0.,-1.,0.));
#3769=DIRECTION('ref_axis',(-1.,0.,0.));
#3770=DIRECTION('',(0.,-1.,0.));
#3771=DIRECTION('center_axis',(0.,-1.,4.44089209850063E-16));
#3772=DIRECTION('ref_axis',(-1.,0.,0.));
#3773=DIRECTION('center_axis',(0.,1.,0.));
#3774=DIRECTION('ref_axis',(-1.,0.,0.));
#3775=DIRECTION('center_axis',(0.,-1.,4.44089209850063E-16));
#3776=DIRECTION('ref_axis',(-1.,0.,0.));
#3777=DIRECTION('',(0.,-4.44089209850063E-16,-1.));
#3778=DIRECTION('',(-1.,0.,0.));
#3779=DIRECTION('',(0.,4.44089209850063E-16,1.));
#3780=DIRECTION('',(0.,4.44089209850063E-16,1.));
#3781=DIRECTION('',(1.,0.,0.));
#3782=DIRECTION('',(1.,0.,0.));
#3783=DIRECTION('',(0.,-4.44089209850063E-16,-1.));
#3784=DIRECTION('center_axis',(0.,4.44089209850063E-16,1.));
#3785=DIRECTION('ref_axis',(-1.,0.,0.));
#3786=DIRECTION('',(0.,-1.,4.44089209850063E-16));
#3787=DIRECTION('',(-1.,0.,0.));
#3788=DIRECTION('',(0.,-1.,4.44089209850063E-16));
#3789=DIRECTION('center_axis',(1.,0.,0.));
#3790=DIRECTION('ref_axis',(0.,4.44089209850063E-16,1.));
#3791=DIRECTION('',(0.,4.44089209850063E-16,1.));
#3792=DIRECTION('',(0.,-1.,4.44089209850063E-16));
#3793=DIRECTION('center_axis',(0.,-4.44089209850063E-16,-1.));
#3794=DIRECTION('ref_axis',(1.,0.,0.));
#3795=DIRECTION('',(1.,0.,0.));
#3796=DIRECTION('',(0.,-1.,4.44089209850063E-16));
#3797=DIRECTION('center_axis',(-1.,0.,0.));
#3798=DIRECTION('ref_axis',(0.,-4.44089209850063E-16,-1.));
#3799=DIRECTION('',(0.,-4.44089209850063E-16,-1.));
#3800=DIRECTION('center_axis',(0.,-1.,4.44089209850063E-16));
#3801=DIRECTION('ref_axis',(0.,-4.44089209850063E-16,-1.));
#3802=DIRECTION('center_axis',(-1.,0.,0.));
#3803=DIRECTION('ref_axis',(0.,1.,-1.77635683940025E-16));
#3804=DIRECTION('center_axis',(0.,1.,0.));
#3805=DIRECTION('ref_axis',(0.,0.,-1.));
#3806=DIRECTION('center_axis',(1.,0.,0.));
#3807=DIRECTION('ref_axis',(0.,1.,-1.77635683940025E-16));
#3808=DIRECTION('center_axis',(1.,0.,0.));
#3809=DIRECTION('ref_axis',(0.,1.,-1.77635683940025E-16));
#3810=DIRECTION('center_axis',(-1.,0.,0.));
#3811=DIRECTION('ref_axis',(0.,1.,-1.77635681293047E-16));
#3812=DIRECTION('center_axis',(-1.,0.,0.));
#3813=DIRECTION('ref_axis',(0.,1.,-1.77635681293047E-16));
#3814=DIRECTION('',(0.970295726275997,0.241921895599668,-1.33470732355731E-17));
#3815=DIRECTION('center_axis',(1.,0.,0.));
#3816=DIRECTION('ref_axis',(0.,1.,-1.77635681293047E-16));
#3817=DIRECTION('center_axis',(0.,-0.999995087980284,-0.00313432852512786));
#3818=DIRECTION('ref_axis',(0.,0.00313432852512786,-0.999995087980284));
#3819=DIRECTION('',(0.,-0.00313432852512786,0.999995087980284));
#3820=DIRECTION('',(1.,0.,0.));
#3821=DIRECTION('',(0.,0.00313432852512786,-0.999995087980284));
#3822=DIRECTION('',(1.,0.,0.));
#3823=DIRECTION('center_axis',(1.,0.,0.));
#3824=DIRECTION('ref_axis',(0.,0.706025437206842,0.708186474042599));
#3825=DIRECTION('center_axis',(1.,0.,0.));
#3826=DIRECTION('ref_axis',(0.,1.,2.64697795030893E-24));
#3827=DIRECTION('center_axis',(1.,0.,0.));
#3828=DIRECTION('ref_axis',(0.,1.,2.64697795030893E-24));
#3829=DIRECTION('',(1.,0.,0.));
#3830=DIRECTION('center_axis',(0.,0.999999998636209,5.22262621306956E-5));
#3831=DIRECTION('ref_axis',(0.,-5.22262621306956E-5,0.999999998636209));
#3832=DIRECTION('',(0.,-5.22262621306956E-5,0.999999998636209));
#3833=DIRECTION('',(0.,-5.22262621306956E-5,0.999999998636209));
#3834=DIRECTION('',(1.,0.,0.));
#3835=DIRECTION('center_axis',(0.,-2.22044604660334E-15,-1.));
#3836=DIRECTION('ref_axis',(0.,1.,-2.22044604660334E-15));
#3837=DIRECTION('',(0.,-1.,2.22044604660334E-15));
#3838=DIRECTION('',(0.,1.,-2.22044604660334E-15));
#3839=DIRECTION('center_axis',(1.,0.,0.));
#3840=DIRECTION('ref_axis',(0.,1.,2.64697795030893E-24));
#3841=DIRECTION('center_axis',(1.,0.,0.));
#3842=DIRECTION('ref_axis',(0.,1.,2.64697795030893E-24));
#3843=DIRECTION('axis',(0.,0.,1.));
#3844=DIRECTION('refdir',(1.,0.,0.));
#3845=DIRECTION('center_axis',(0.,-1.,0.));
#3846=DIRECTION('ref_axis',(1.,0.,0.));
#3847=DIRECTION('',(0.,-1.,0.));
#3848=DIRECTION('center_axis',(0.,-1.,0.));
#3849=DIRECTION('ref_axis',(1.,0.,0.));
#3850=DIRECTION('',(0.,-1.,0.));
#3851=DIRECTION('center_axis',(0.,-1.,0.));
#3852=DIRECTION('ref_axis',(1.,0.,0.));
#3853=DIRECTION('center_axis',(0.,-1.,0.));
#3854=DIRECTION('ref_axis',(1.,0.,0.));
#3855=DIRECTION('',(0.,-1.,0.));
#3856=DIRECTION('center_axis',(0.,-1.,0.));
#3857=DIRECTION('ref_axis',(1.,0.,0.));
#3858=DIRECTION('',(0.,-1.,0.));
#3859=DIRECTION('center_axis',(0.,-1.,0.));
#3860=DIRECTION('ref_axis',(1.,0.,0.));
#3861=DIRECTION('center_axis',(0.,1.,0.));
#3862=DIRECTION('ref_axis',(1.,0.,0.));
#3863=DIRECTION('center_axis',(0.,-1.,0.));
#3864=DIRECTION('ref_axis',(-1.,0.,1.22464679914735E-16));
#3865=DIRECTION('',(0.,-1.,0.));
#3866=DIRECTION('center_axis',(0.,-1.,0.));
#3867=DIRECTION('ref_axis',(1.,0.,0.));
#3868=DIRECTION('',(0.,-1.,0.));
#3869=DIRECTION('center_axis',(0.,-1.,0.));
#3870=DIRECTION('ref_axis',(1.,0.,0.));
#3871=DIRECTION('center_axis',(0.,-1.,0.));
#3872=DIRECTION('ref_axis',(1.,0.,0.));
#3873=DIRECTION('',(0.,-1.,0.));
#3874=DIRECTION('center_axis',(0.,-1.,0.));
#3875=DIRECTION('ref_axis',(1.,0.,0.));
#3876=DIRECTION('',(0.,-1.,0.));
#3877=DIRECTION('center_axis',(0.,-1.,0.));
#3878=DIRECTION('ref_axis',(1.,0.,0.));
#3879=DIRECTION('center_axis',(0.,1.,0.));
#3880=DIRECTION('ref_axis',(1.,0.,0.));
#3881=DIRECTION('center_axis',(0.,-1.,0.));
#3882=DIRECTION('ref_axis',(1.,0.,0.));
#3883=DIRECTION('',(0.,-1.,0.));
#3884=DIRECTION('center_axis',(0.,-1.,0.));
#3885=DIRECTION('ref_axis',(1.,0.,0.));
#3886=DIRECTION('',(0.,-1.,0.));
#3887=DIRECTION('center_axis',(0.,-1.,0.));
#3888=DIRECTION('ref_axis',(1.,0.,0.));
#3889=DIRECTION('center_axis',(0.,-1.,0.));
#3890=DIRECTION('ref_axis',(1.,0.,0.));
#3891=DIRECTION('',(0.,-1.,0.));
#3892=DIRECTION('center_axis',(0.,-1.,0.));
#3893=DIRECTION('ref_axis',(1.,0.,0.));
#3894=DIRECTION('',(0.,-1.,0.));
#3895=DIRECTION('center_axis',(0.,-1.,0.));
#3896=DIRECTION('ref_axis',(1.,0.,0.));
#3897=DIRECTION('center_axis',(0.,1.,0.));
#3898=DIRECTION('ref_axis',(1.,0.,0.));
#3899=DIRECTION('center_axis',(0.,-1.,0.));
#3900=DIRECTION('ref_axis',(-1.,0.,0.));
#3901=DIRECTION('',(-1.,0.,0.));
#3902=DIRECTION('',(0.,0.,-1.));
#3903=DIRECTION('',(0.,0.,-1.));
#3904=DIRECTION('',(-1.,0.,0.));
#3905=DIRECTION('center_axis',(0.,-1.,0.));
#3906=DIRECTION('ref_axis',(-1.,0.,0.));
#3907=DIRECTION('',(0.,0.,-1.));
#3908=DIRECTION('',(-1.,0.,0.));
#3909=DIRECTION('',(0.,0.,-1.));
#3910=DIRECTION('',(0.,0.,-1.));
#3911=DIRECTION('',(1.,0.,0.));
#3912=DIRECTION('',(0.,0.,1.));
#3913=DIRECTION('center_axis',(0.,-1.,0.));
#3914=DIRECTION('ref_axis',(-1.,0.,0.));
#3915=DIRECTION('',(0.,0.,1.));
#3916=DIRECTION('',(-1.,0.,0.));
#3917=DIRECTION('',(-1.,0.,0.));
#3918=DIRECTION('',(0.,0.,-1.));
#3919=DIRECTION('center_axis',(1.,0.,0.));
#3920=DIRECTION('ref_axis',(0.,0.,-1.));
#3921=DIRECTION('',(0.,0.,1.));
#3922=DIRECTION('',(0.,1.,0.));
#3923=DIRECTION('',(0.,0.,-1.));
#3924=DIRECTION('',(0.,1.,0.));
#3925=DIRECTION('center_axis',(0.,0.,-1.));
#3926=DIRECTION('ref_axis',(-1.,0.,0.));
#3927=DIRECTION('',(1.,0.,0.));
#3928=DIRECTION('',(0.,1.,0.));
#3929=DIRECTION('',(-1.,0.,0.));
#3930=DIRECTION('center_axis',(-1.,0.,0.));
#3931=DIRECTION('ref_axis',(0.,0.,1.));
#3932=DIRECTION('',(0.,0.,-1.));
#3933=DIRECTION('',(0.,1.,0.));
#3934=DIRECTION('',(0.,0.,1.));
#3935=DIRECTION('center_axis',(0.,0.,1.));
#3936=DIRECTION('ref_axis',(1.,0.,0.));
#3937=DIRECTION('',(-1.,0.,0.));
#3938=DIRECTION('',(1.,0.,0.));
#3939=DIRECTION('center_axis',(0.,-1.,0.));
#3940=DIRECTION('ref_axis',(0.,0.,-1.));
#3941=DIRECTION('center_axis',(1.,0.,0.));
#3942=DIRECTION('ref_axis',(0.,0.,-1.));
#3943=DIRECTION('',(0.,0.,1.));
#3944=DIRECTION('',(0.,1.,0.));
#3945=DIRECTION('',(0.,0.,-1.));
#3946=DIRECTION('',(0.,1.,0.));
#3947=DIRECTION('center_axis',(0.,0.,-1.));
#3948=DIRECTION('ref_axis',(-1.,0.,0.));
#3949=DIRECTION('',(1.,0.,0.));
#3950=DIRECTION('',(0.,1.,0.));
#3951=DIRECTION('',(-1.,0.,0.));
#3952=DIRECTION('center_axis',(-1.,0.,0.));
#3953=DIRECTION('ref_axis',(0.,0.,1.));
#3954=DIRECTION('',(0.,0.,-1.));
#3955=DIRECTION('',(0.,1.,0.));
#3956=DIRECTION('',(0.,0.,1.));
#3957=DIRECTION('center_axis',(0.,0.,1.));
#3958=DIRECTION('ref_axis',(1.,0.,0.));
#3959=DIRECTION('',(-1.,0.,0.));
#3960=DIRECTION('',(1.,0.,0.));
#3961=DIRECTION('center_axis',(0.,-1.,0.));
#3962=DIRECTION('ref_axis',(0.,0.,-1.));
#3963=DIRECTION('center_axis',(1.,0.,0.));
#3964=DIRECTION('ref_axis',(0.,0.,-1.));
#3965=DIRECTION('',(0.,0.,1.));
#3966=DIRECTION('',(0.,1.,0.));
#3967=DIRECTION('',(0.,0.,-1.));
#3968=DIRECTION('',(0.,1.,0.));
#3969=DIRECTION('center_axis',(0.,0.,-1.));
#3970=DIRECTION('ref_axis',(-1.,0.,0.));
#3971=DIRECTION('',(1.,0.,0.));
#3972=DIRECTION('',(0.,1.,0.));
#3973=DIRECTION('',(-1.,0.,0.));
#3974=DIRECTION('center_axis',(-1.,0.,0.));
#3975=DIRECTION('ref_axis',(0.,0.,1.));
#3976=DIRECTION('',(0.,0.,-1.));
#3977=DIRECTION('',(0.,1.,0.));
#3978=DIRECTION('',(0.,0.,1.));
#3979=DIRECTION('center_axis',(0.,0.,1.));
#3980=DIRECTION('ref_axis',(1.,0.,0.));
#3981=DIRECTION('',(-1.,0.,0.));
#3982=DIRECTION('',(1.,0.,0.));
#3983=DIRECTION('center_axis',(0.,-1.,0.));
#3984=DIRECTION('ref_axis',(0.,0.,-1.));
#3985=DIRECTION('center_axis',(1.,0.,0.));
#3986=DIRECTION('ref_axis',(0.,0.,-1.));
#3987=DIRECTION('',(0.,0.,1.));
#3988=DIRECTION('',(0.,1.,0.));
#3989=DIRECTION('',(0.,0.,-1.));
#3990=DIRECTION('',(0.,1.,0.));
#3991=DIRECTION('center_axis',(0.,0.,-1.));
#3992=DIRECTION('ref_axis',(-1.,0.,0.));
#3993=DIRECTION('',(1.,0.,0.));
#3994=DIRECTION('',(0.,1.,0.));
#3995=DIRECTION('',(-1.,0.,0.));
#3996=DIRECTION('center_axis',(-1.,0.,0.));
#3997=DIRECTION('ref_axis',(0.,0.,1.));
#3998=DIRECTION('',(0.,0.,-1.));
#3999=DIRECTION('',(0.,1.,0.));
#4000=DIRECTION('',(0.,0.,1.));
#4001=DIRECTION('center_axis',(0.,0.,1.));
#4002=DIRECTION('ref_axis',(1.,0.,0.));
#4003=DIRECTION('',(-1.,0.,0.));
#4004=DIRECTION('',(1.,0.,0.));
#4005=DIRECTION('center_axis',(0.,-1.,0.));
#4006=DIRECTION('ref_axis',(0.,0.,-1.));
#4007=DIRECTION('center_axis',(-1.,0.,0.));
#4008=DIRECTION('ref_axis',(0.,0.,-1.));
#4009=DIRECTION('',(0.,-1.,0.));
#4010=DIRECTION('',(0.,0.,1.));
#4011=DIRECTION('',(0.,-1.,0.));
#4012=DIRECTION('center_axis',(0.,0.,-1.));
#4013=DIRECTION('ref_axis',(1.,0.,0.));
#4014=DIRECTION('',(-1.,0.,0.));
#4015=DIRECTION('',(0.,-1.,0.));
#4016=DIRECTION('center_axis',(1.,0.,0.));
#4017=DIRECTION('ref_axis',(0.,0.,1.));
#4018=DIRECTION('',(0.,0.,-1.));
#4019=DIRECTION('',(0.,-1.,0.));
#4020=DIRECTION('center_axis',(0.,0.,1.));
#4021=DIRECTION('ref_axis',(-1.,0.,0.));
#4022=DIRECTION('',(1.,0.,0.));
#4023=DIRECTION('center_axis',(0.,-1.,0.));
#4024=DIRECTION('ref_axis',(-1.,0.,0.));
#4025=DIRECTION('',(1.,0.,0.));
#4026=DIRECTION('',(0.,0.,-1.));
#4027=DIRECTION('',(1.,0.,0.));
#4028=DIRECTION('',(0.,0.,1.));
#4029=DIRECTION('center_axis',(-1.,0.,0.));
#4030=DIRECTION('ref_axis',(0.,1.,0.));
#4031=DIRECTION('',(0.,-1.,0.));
#4032=DIRECTION('',(0.,-1.,0.));
#4033=DIRECTION('',(0.,0.,1.));
#4034=DIRECTION('center_axis',(0.,1.,0.));
#4035=DIRECTION('ref_axis',(1.,0.,0.));
#4036=DIRECTION('',(-1.,0.,0.));
#4037=DIRECTION('',(-1.,0.,0.));
#4038=DIRECTION('',(0.,0.,1.));
#4039=DIRECTION('center_axis',(1.,0.,0.));
#4040=DIRECTION('ref_axis',(0.,-1.,0.));
#4041=DIRECTION('',(0.,1.,0.));
#4042=DIRECTION('',(0.,1.,0.));
#4043=DIRECTION('center_axis',(0.,0.,1.));
#4044=DIRECTION('ref_axis',(1.,0.,0.));
#4045=DIRECTION('center_axis',(-1.,0.,0.));
#4046=DIRECTION('ref_axis',(0.,1.,0.));
#4047=DIRECTION('',(0.,1.,0.));
#4048=DIRECTION('',(0.,0.,-1.));
#4049=DIRECTION('',(0.,1.,0.));
#4050=DIRECTION('center_axis',(0.,1.,0.));
#4051=DIRECTION('ref_axis',(1.,0.,0.));
#4052=DIRECTION('',(1.,0.,0.));
#4053=DIRECTION('',(0.,0.,-1.));
#4054=DIRECTION('',(1.,0.,0.));
#4055=DIRECTION('center_axis',(1.,0.,0.));
#4056=DIRECTION('ref_axis',(0.,-1.,0.));
#4057=DIRECTION('',(0.,-1.,0.));
#4058=DIRECTION('',(0.,-1.,0.));
#4059=DIRECTION('center_axis',(0.,0.,1.));
#4060=DIRECTION('ref_axis',(1.,0.,0.));
#4061=DIRECTION('center_axis',(0.,0.,1.));
#4062=DIRECTION('ref_axis',(1.,0.,0.));
#4063=DIRECTION('center_axis',(-1.,0.,0.));
#4064=DIRECTION('ref_axis',(0.,1.,0.));
#4065=DIRECTION('center_axis',(-1.,0.,0.));
#4066=DIRECTION('ref_axis',(0.,1.,0.));
#4067=DIRECTION('center_axis',(0.,1.,0.));
#4068=DIRECTION('ref_axis',(0.,0.,1.));
#4069=DIRECTION('center_axis',(1.,0.,0.));
#4070=DIRECTION('ref_axis',(0.,1.,0.));
#4071=DIRECTION('center_axis',(-1.,0.,0.));
#4072=DIRECTION('ref_axis',(0.,1.,-2.64697795030893E-24));
#4073=DIRECTION('',(-0.970295726275997,-0.241921895599668,2.96268881493412E-17));
#4074=DIRECTION('center_axis',(1.,0.,0.));
#4075=DIRECTION('ref_axis',(0.,1.,-2.64697795030893E-24));
#4076=DIRECTION('center_axis',(-1.,0.,0.));
#4077=DIRECTION('ref_axis',(0.,1.,-2.64697795030893E-24));
#4078=DIRECTION('center_axis',(-1.,0.,0.));
#4079=DIRECTION('ref_axis',(0.,0.943389318377409,0.331687494445309));
#4080=DIRECTION('center_axis',(1.,0.,0.));
#4081=DIRECTION('ref_axis',(0.,-1.,0.));
#4082=DIRECTION('',(1.,0.,0.));
#4083=DIRECTION('center_axis',(-1.,0.,0.));
#4084=DIRECTION('ref_axis',(0.,-1.,0.));
#4085=DIRECTION('',(1.,0.,0.));
#4086=DIRECTION('center_axis',(0.,0.625820878598142,-0.779966812057186));
#4087=DIRECTION('ref_axis',(0.,0.779966812057186,0.625820878598142));
#4088=DIRECTION('',(0.,0.779966812057186,0.625820878598142));
#4089=DIRECTION('',(1.,0.,0.));
#4090=DIRECTION('',(0.,0.779966812057186,0.625820878598142));
#4091=DIRECTION('center_axis',(0.,0.,1.));
#4092=DIRECTION('ref_axis',(0.,-1.,0.));
#4093=DIRECTION('',(0.,-1.,0.));
#4094=DIRECTION('',(1.,0.,0.));
#4095=DIRECTION('',(0.,-1.,0.));
#4096=DIRECTION('center_axis',(0.,-1.,0.));
#4097=DIRECTION('ref_axis',(0.,0.,-1.));
#4098=DIRECTION('',(0.,0.,1.));
#4099=DIRECTION('',(0.,0.,-1.));
#4100=DIRECTION('center_axis',(1.,0.,0.));
#4101=DIRECTION('ref_axis',(0.,-1.,0.));
#4102=DIRECTION('center_axis',(1.,0.,0.));
#4103=DIRECTION('ref_axis',(0.,-1.,0.));
#4104=DIRECTION('axis',(0.,0.,1.));
#4105=DIRECTION('refdir',(1.,0.,0.));
#4106=DIRECTION('center_axis',(0.,-1.,0.));
#4107=DIRECTION('ref_axis',(1.,0.,0.));
#4108=DIRECTION('',(0.,-1.,0.));
#4109=DIRECTION('center_axis',(0.,-1.,-4.44089209850063E-16));
#4110=DIRECTION('ref_axis',(1.,0.,0.));
#4111=DIRECTION('',(0.,-1.,0.));
#4112=DIRECTION('center_axis',(0.,-1.,0.));
#4113=DIRECTION('ref_axis',(1.,0.,0.));
#4114=DIRECTION('center_axis',(0.,-1.,0.));
#4115=DIRECTION('ref_axis',(1.,0.,0.));
#4116=DIRECTION('',(0.,-1.,0.));
#4117=DIRECTION('center_axis',(0.,-1.,-4.44089209850063E-16));
#4118=DIRECTION('ref_axis',(1.,0.,0.));
#4119=DIRECTION('',(0.,-1.,0.));
#4120=DIRECTION('center_axis',(0.,-1.,0.));
#4121=DIRECTION('ref_axis',(1.,0.,0.));
#4122=DIRECTION('center_axis',(0.,-1.,0.));
#4123=DIRECTION('ref_axis',(1.,0.,0.));
#4124=DIRECTION('center_axis',(0.,-1.,-4.44089209850063E-16));
#4125=DIRECTION('ref_axis',(1.,0.,0.));
#4126=DIRECTION('',(0.,-1.,0.));
#4127=DIRECTION('center_axis',(0.,-1.,0.));
#4128=DIRECTION('ref_axis',(1.,0.,0.));
#4129=DIRECTION('',(0.,-1.,0.));
#4130=DIRECTION('center_axis',(0.,1.,0.));
#4131=DIRECTION('ref_axis',(1.,0.,0.));
#4132=DIRECTION('center_axis',(0.,-1.,0.));
#4133=DIRECTION('ref_axis',(1.,0.,0.));
#4134=DIRECTION('center_axis',(0.,-1.,0.));
#4135=DIRECTION('ref_axis',(1.,0.,0.));
#4136=DIRECTION('',(0.,-1.,0.));
#4137=DIRECTION('center_axis',(0.,-1.,-4.44089209850063E-16));
#4138=DIRECTION('ref_axis',(1.,0.,0.));
#4139=DIRECTION('center_axis',(0.,1.,0.));
#4140=DIRECTION('ref_axis',(1.,0.,0.));
#4141=DIRECTION('center_axis',(0.,-1.,0.));
#4142=DIRECTION('ref_axis',(1.,0.,0.));
#4143=DIRECTION('center_axis',(0.,-1.,0.));
#4144=DIRECTION('ref_axis',(1.,0.,0.));
#4145=DIRECTION('',(0.,-1.,0.));
#4146=DIRECTION('center_axis',(0.,-1.,-4.44089209850063E-16));
#4147=DIRECTION('ref_axis',(1.,0.,0.));
#4148=DIRECTION('center_axis',(0.,1.,0.));
#4149=DIRECTION('ref_axis',(1.,0.,0.));
#4150=DIRECTION('center_axis',(0.,1.,4.44089209850063E-16));
#4151=DIRECTION('ref_axis',(-1.,0.,0.));
#4152=DIRECTION('',(0.,-4.44089209850063E-16,1.));
#4153=DIRECTION('',(0.,-4.44089209850063E-16,1.));
#4154=DIRECTION('',(1.,0.,0.));
#4155=DIRECTION('',(1.,0.,0.));
#4156=DIRECTION('',(0.,4.44089209850063E-16,-1.));
#4157=DIRECTION('',(0.,4.44089209850063E-16,-1.));
#4158=DIRECTION('',(-1.,0.,0.));
#4159=DIRECTION('center_axis',(0.,-4.44089209850063E-16,1.));
#4160=DIRECTION('ref_axis',(-1.,0.,0.));
#4161=DIRECTION('',(0.,-1.,-4.44089209850063E-16));
#4162=DIRECTION('',(-1.,0.,0.));
#4163=DIRECTION('',(0.,-1.,-4.44089209850063E-16));
#4164=DIRECTION('center_axis',(-1.,0.,0.));
#4165=DIRECTION('ref_axis',(0.,4.44089209850063E-16,-1.));
#4166=DIRECTION('',(0.,-1.,-4.44089209850063E-16));
#4167=DIRECTION('',(0.,4.44089209850063E-16,-1.));
#4168=DIRECTION('center_axis',(0.,4.44089209850063E-16,-1.));
#4169=DIRECTION('ref_axis',(1.,0.,0.));
#4170=DIRECTION('',(0.,-1.,-4.44089209850063E-16));
#4171=DIRECTION('',(1.,0.,0.));
#4172=DIRECTION('center_axis',(1.,0.,0.));
#4173=DIRECTION('ref_axis',(0.,-4.44089209850063E-16,1.));
#4174=DIRECTION('',(0.,-4.44089209850063E-16,1.));
#4175=DIRECTION('center_axis',(0.,1.,4.44089209850063E-16));
#4176=DIRECTION('ref_axis',(0.,-4.44089209850063E-16,1.));
#4177=DIRECTION('center_axis',(1.,0.,0.));
#4178=DIRECTION('ref_axis',(0.,1.,1.77635683940025E-16));
#4179=DIRECTION('center_axis',(0.,-1.,0.));
#4180=DIRECTION('ref_axis',(0.,0.,1.));
#4181=DIRECTION('center_axis',(-1.,0.,0.));
#4182=DIRECTION('ref_axis',(0.,1.,1.77635683940025E-16));
#4183=DIRECTION('center_axis',(-1.,0.,0.));
#4184=DIRECTION('ref_axis',(0.,1.,1.77635683940025E-16));
#4185=DIRECTION('center_axis',(-1.,0.,0.));
#4186=DIRECTION('ref_axis',(0.,1.,1.77635681293047E-16));
#4187=DIRECTION('center_axis',(1.,0.,0.));
#4188=DIRECTION('ref_axis',(0.,1.,1.77635681293047E-16));
#4189=DIRECTION('',(0.970295726275997,0.241921895599668,1.33470732355731E-17));
#4190=DIRECTION('center_axis',(-1.,0.,0.));
#4191=DIRECTION('ref_axis',(0.,1.,1.77635681293047E-16));
#4192=DIRECTION('center_axis',(0.,0.999995087980284,-0.00313432852512786));
#4193=DIRECTION('ref_axis',(0.,0.00313432852512786,0.999995087980284));
#4194=DIRECTION('',(0.,-0.00313432852512786,-0.999995087980284));
#4195=DIRECTION('',(1.,0.,0.));
#4196=DIRECTION('',(0.,0.00313432852512786,0.999995087980284));
#4197=DIRECTION('',(1.,0.,0.));
#4198=DIRECTION('center_axis',(-1.,0.,0.));
#4199=DIRECTION('ref_axis',(0.,0.706025437206842,-0.708186474042599));
#4200=DIRECTION('center_axis',(-1.,0.,0.));
#4201=DIRECTION('ref_axis',(0.,1.,-2.64697795030893E-24));
#4202=DIRECTION('',(1.,0.,0.));
#4203=DIRECTION('center_axis',(-1.,0.,0.));
#4204=DIRECTION('ref_axis',(0.,1.,-2.64697795030893E-24));
#4205=DIRECTION('center_axis',(0.,-0.999999998636209,5.22262621306956E-5));
#4206=DIRECTION('ref_axis',(0.,-5.22262621306956E-5,-0.999999998636209));
#4207=DIRECTION('',(0.,-5.22262621306956E-5,-0.999999998636209));
#4208=DIRECTION('',(1.,0.,0.));
#4209=DIRECTION('',(0.,-5.22262621306956E-5,-0.999999998636209));
#4210=DIRECTION('center_axis',(0.,2.22044604660334E-15,-1.));
#4211=DIRECTION('ref_axis',(0.,1.,2.22044604660334E-15));
#4212=DIRECTION('',(0.,-1.,-2.22044604660334E-15));
#4213=DIRECTION('',(0.,1.,2.22044604660334E-15));
#4214=DIRECTION('center_axis',(-1.,0.,0.));
#4215=DIRECTION('ref_axis',(0.,1.,-2.64697795030893E-24));
#4216=DIRECTION('center_axis',(-1.,0.,0.));
#4217=DIRECTION('ref_axis',(0.,1.,-2.64697795030893E-24));
#4218=DIRECTION('axis',(0.,0.,1.));
#4219=DIRECTION('refdir',(1.,0.,0.));
#4220=DIRECTION('center_axis',(0.,0.,-1.));
#4221=DIRECTION('ref_axis',(1.,0.,0.));
#4222=DIRECTION('',(1.,0.,0.));
#4223=DIRECTION('',(0.,-1.,0.));
#4224=DIRECTION('',(1.,0.,0.));
#4225=DIRECTION('',(0.,-1.,0.));
#4226=DIRECTION('center_axis',(-1.,0.,0.));
#4227=DIRECTION('ref_axis',(0.,-1.77635683940025E-16,-1.));
#4228=DIRECTION('',(0.,-1.77635683940025E-16,-1.));
#4229=DIRECTION('',(0.,-1.77635683940025E-16,-1.));
#4230=DIRECTION('',(0.,-1.,0.));
#4231=DIRECTION('center_axis',(0.,0.,1.));
#4232=DIRECTION('ref_axis',(-1.,0.,0.));
#4233=DIRECTION('',(-1.,0.,0.));
#4234=DIRECTION('',(-1.,0.,0.));
#4235=DIRECTION('',(0.,-1.,0.));
#4236=DIRECTION('center_axis',(1.,0.,0.));
#4237=DIRECTION('ref_axis',(0.,1.77635683940025E-16,1.));
#4238=DIRECTION('',(0.,1.77635683940025E-16,1.));
#4239=DIRECTION('',(0.,1.77635683940025E-16,1.));
#4240=DIRECTION('center_axis',(0.,-1.,0.));
#4241=DIRECTION('ref_axis',(0.,0.,-1.));
#4242=DIRECTION('center_axis',(0.,-1.,1.77635683940025E-16));
#4243=DIRECTION('ref_axis',(1.,0.,0.));
#4244=DIRECTION('center_axis',(0.,0.,-1.));
#4245=DIRECTION('ref_axis',(-1.,0.,0.));
#4246=DIRECTION('',(-1.,0.,0.));
#4247=DIRECTION('',(0.,1.,0.));
#4248=DIRECTION('',(-1.,0.,0.));
#4249=DIRECTION('',(0.,1.,0.));
#4250=DIRECTION('center_axis',(1.,0.,0.));
#4251=DIRECTION('ref_axis',(0.,-1.77635683940025E-16,-1.));
#4252=DIRECTION('',(0.,-1.77635683940025E-16,-1.));
#4253=DIRECTION('',(0.,-1.77635683940025E-16,-1.));
#4254=DIRECTION('',(0.,1.,0.));
#4255=DIRECTION('center_axis',(0.,0.,1.));
#4256=DIRECTION('ref_axis',(1.,0.,0.));
#4257=DIRECTION('',(1.,0.,0.));
#4258=DIRECTION('',(1.,0.,0.));
#4259=DIRECTION('',(0.,1.,0.));
#4260=DIRECTION('center_axis',(-1.,0.,0.));
#4261=DIRECTION('ref_axis',(0.,1.77635683940025E-16,1.));
#4262=DIRECTION('',(0.,1.77635683940025E-16,1.));
#4263=DIRECTION('',(0.,1.77635683940025E-16,1.));
#4264=DIRECTION('center_axis',(0.,1.,0.));
#4265=DIRECTION('ref_axis',(0.,0.,1.));
#4266=DIRECTION('center_axis',(0.,1.,-1.77635683940025E-16));
#4267=DIRECTION('ref_axis',(-1.,0.,0.));
#4268=DIRECTION('center_axis',(0.,0.,-1.));
#4269=DIRECTION('ref_axis',(0.,1.,0.));
#4270=DIRECTION('',(0.,1.,0.));
#4271=DIRECTION('',(1.,0.,0.));
#4272=DIRECTION('',(0.,1.,0.));
#4273=DIRECTION('',(1.,0.,0.));
#4274=DIRECTION('center_axis',(0.,-1.,0.));
#4275=DIRECTION('ref_axis',(0.,0.,-1.));
#4276=DIRECTION('',(0.,0.,-1.));
#4277=DIRECTION('',(0.,0.,-1.));
#4278=DIRECTION('',(1.,0.,0.));
#4279=DIRECTION('center_axis',(0.,0.,1.));
#4280=DIRECTION('ref_axis',(0.,-1.,0.));
#4281=DIRECTION('',(0.,-1.,0.));
#4282=DIRECTION('',(0.,-1.,0.));
#4283=DIRECTION('',(1.,0.,0.));
#4284=DIRECTION('center_axis',(0.,1.,0.));
#4285=DIRECTION('ref_axis',(0.,0.,1.));
#4286=DIRECTION('',(0.,0.,1.));
#4287=DIRECTION('',(0.,0.,1.));
#4288=DIRECTION('center_axis',(1.,0.,0.));
#4289=DIRECTION('ref_axis',(0.,0.,-1.));
#4290=DIRECTION('center_axis',(1.,0.,0.));
#4291=DIRECTION('ref_axis',(0.,1.,0.));
#4292=DIRECTION('center_axis',(0.,0.,-1.));
#4293=DIRECTION('ref_axis',(0.,-1.,0.));
#4294=DIRECTION('',(0.,-1.,0.));
#4295=DIRECTION('',(-1.,0.,0.));
#4296=DIRECTION('',(0.,-1.,0.));
#4297=DIRECTION('',(-1.,0.,0.));
#4298=DIRECTION('center_axis',(0.,1.,0.));
#4299=DIRECTION('ref_axis',(0.,0.,-1.));
#4300=DIRECTION('',(0.,0.,-1.));
#4301=DIRECTION('',(0.,0.,-1.));
#4302=DIRECTION('',(-1.,0.,0.));
#4303=DIRECTION('center_axis',(0.,0.,1.));
#4304=DIRECTION('ref_axis',(0.,1.,0.));
#4305=DIRECTION('',(0.,1.,0.));
#4306=DIRECTION('',(0.,1.,0.));
#4307=DIRECTION('',(-1.,0.,0.));
#4308=DIRECTION('center_axis',(0.,-1.,0.));
#4309=DIRECTION('ref_axis',(0.,0.,1.));
#4310=DIRECTION('',(0.,0.,1.));
#4311=DIRECTION('',(0.,0.,1.));
#4312=DIRECTION('center_axis',(-1.,0.,0.));
#4313=DIRECTION('ref_axis',(0.,0.,1.));
#4314=DIRECTION('center_axis',(-1.,0.,0.));
#4315=DIRECTION('ref_axis',(0.,-1.,0.));
#4316=DIRECTION('',(0.,1.77635683940025E-16,1.));
#4317=DIRECTION('',(1.,0.,0.));
#4318=DIRECTION('',(0.,0.,1.));
#4319=DIRECTION('',(1.,0.,0.));
#4320=DIRECTION('',(0.,-1.77635683940025E-16,-1.));
#4321=DIRECTION('',(-1.,0.,0.));
#4322=DIRECTION('',(0.,0.,-1.));
#4323=DIRECTION('',(-1.,0.,0.));
#4324=DIRECTION('',(0.,0.,1.));
#4325=DIRECTION('',(1.,0.,0.));
#4326=CARTESIAN_POINT('',(0.,0.,0.));
#4327=CARTESIAN_POINT('',(0.,0.,0.));
#4328=CARTESIAN_POINT('Ctrl Pts',(309.999851469452,-111.,-24.));
#4329=CARTESIAN_POINT('Ctrl Pts',(409.999950489817,-111.,-24.));
#4330=CARTESIAN_POINT('Ctrl Pts',(510.000049510183,-111.,-24.));
#4331=CARTESIAN_POINT('Ctrl Pts',(610.000148530548,-111.,-24.));
#4332=CARTESIAN_POINT('Ctrl Pts',(309.999851469452,-111.673198425769,-24.));
#4333=CARTESIAN_POINT('Ctrl Pts',(409.999950489817,-111.673198425769,-24.));
#4334=CARTESIAN_POINT('Ctrl Pts',(510.000049510183,-111.673198425769,-24.));
#4335=CARTESIAN_POINT('Ctrl Pts',(610.000148530548,-111.673198425769,-24.));
#4336=CARTESIAN_POINT('Ctrl Pts',(309.999851469452,-113.005367364055,-23.9931630631133));
#4337=CARTESIAN_POINT('Ctrl Pts',(409.999950489817,-113.005367364055,-23.9931630631133));
#4338=CARTESIAN_POINT('Ctrl Pts',(510.000049510183,-113.005367364055,-23.9931630631133));
#4339=CARTESIAN_POINT('Ctrl Pts',(610.000148530548,-113.005367364055,-23.9931630631133));
#4340=CARTESIAN_POINT('Ctrl Pts',(309.999851469452,-114.988344103345,-23.5506054753757));
#4341=CARTESIAN_POINT('Ctrl Pts',(409.999950489817,-114.988344103345,-23.5506054753757));
#4342=CARTESIAN_POINT('Ctrl Pts',(510.000049510183,-114.988344103345,-23.5506054753757));
#4343=CARTESIAN_POINT('Ctrl Pts',(610.000148530548,-114.988344103345,-23.5506054753757));
#4344=CARTESIAN_POINT('Ctrl Pts',(309.999851469452,-116.88079115707,-22.4916446997145));
#4345=CARTESIAN_POINT('Ctrl Pts',(409.999950489817,-116.88079115707,-22.4916446997145));
#4346=CARTESIAN_POINT('Ctrl Pts',(510.000049510183,-116.88079115707,-22.4916446997145));
#4347=CARTESIAN_POINT('Ctrl Pts',(610.000148530548,-116.88079115707,-22.4916446997145));
#4348=CARTESIAN_POINT('Ctrl Pts',(309.999851469452,-118.492047402197,-20.8808672703491));
#4349=CARTESIAN_POINT('Ctrl Pts',(409.999950489817,-118.492047402197,-20.8808672703491));
#4350=CARTESIAN_POINT('Ctrl Pts',(510.000049510183,-118.492047402197,-20.8808672703491));
#4351=CARTESIAN_POINT('Ctrl Pts',(610.000148530548,-118.492047402197,-20.8808672703491));
#4352=CARTESIAN_POINT('Ctrl Pts',(309.999851469452,-119.549501501479,-18.988844829849));
#4353=CARTESIAN_POINT('Ctrl Pts',(409.999950489817,-119.549501501479,-18.988844829849));
#4354=CARTESIAN_POINT('Ctrl Pts',(510.000049510183,-119.549501501479,-18.988844829849));
#4355=CARTESIAN_POINT('Ctrl Pts',(610.000148530548,-119.549501501479,-18.988844829849));
#4356=CARTESIAN_POINT('Ctrl Pts',(309.999851469452,-119.993508039832,-17.0053364483057));
#4357=CARTESIAN_POINT('Ctrl Pts',(409.999950489817,-119.993508039832,-17.0053364483057));
#4358=CARTESIAN_POINT('Ctrl Pts',(510.000049510183,-119.993508039832,-17.0053364483057));
#4359=CARTESIAN_POINT('Ctrl Pts',(610.000148530548,-119.993508039832,-17.0053364483057));
#4360=CARTESIAN_POINT('Ctrl Pts',(309.999851469452,-120.,-15.6731984257692));
#4361=CARTESIAN_POINT('Ctrl Pts',(409.999950489817,-120.,-15.6731984257692));
#4362=CARTESIAN_POINT('Ctrl Pts',(510.000049510182,-120.,-15.6731984257692));
#4363=CARTESIAN_POINT('Ctrl Pts',(610.000148530548,-120.,-15.6731984257692));
#4364=CARTESIAN_POINT('Ctrl Pts',(309.999851469452,-120.,-15.));
#4365=CARTESIAN_POINT('Ctrl Pts',(409.999950489817,-120.,-15.));
#4366=CARTESIAN_POINT('Ctrl Pts',(510.000049510183,-120.,-15.));
#4367=CARTESIAN_POINT('Ctrl Pts',(610.000148530548,-120.,-15.));
#4368=CARTESIAN_POINT('',(601.,-120.,-15.));
#4369=CARTESIAN_POINT('',(319.,-120.,-15.));
#4370=CARTESIAN_POINT('',(385.,-120.,-15.));
#4371=CARTESIAN_POINT('',(310.,-111.,-24.));
#4372=CARTESIAN_POINT('Ctrl Pts',(319.,-120.,-15.));
#4373=CARTESIAN_POINT('Ctrl Pts',(318.97813571056,-120.,-15.0218642881701));
#4374=CARTESIAN_POINT('Ctrl Pts',(318.956306696733,-119.999999997585,-15.0436933026327));
#4375=CARTESIAN_POINT('Ctrl Pts',(317.371815818125,-119.999780727987,-16.6281841996741));
#4376=CARTESIAN_POINT('Ctrl Pts',(315.321835497811,-119.984296562179,-18.6781645021885));
#4377=CARTESIAN_POINT('Ctrl Pts',(312.52764736374,-117.932395151639,-21.4723526362597));
#4378=CARTESIAN_POINT('Ctrl Pts',(311.843312984327,-117.227781239956,-22.1566870072331));
#4379=CARTESIAN_POINT('Ctrl Pts',(310.753280927062,-115.591325588569,-23.2467190658008));
#4380=CARTESIAN_POINT('Ctrl Pts',(310.489422161344,-114.857664941798,-23.5105778493088));
#4381=CARTESIAN_POINT('Ctrl Pts',(310.000000004971,-113.163169461415,-24.000000004971));
#4382=CARTESIAN_POINT('Ctrl Pts',(310.,-112.048928638542,-24.));
#4383=CARTESIAN_POINT('Ctrl Pts',(310.,-111.,-24.));
#4384=CARTESIAN_POINT('',(610.,-111.,-24.));
#4385=CARTESIAN_POINT('',(385.,-111.,-24.));
#4386=CARTESIAN_POINT('Ctrl Pts',(610.,-111.,-24.));
#4387=CARTESIAN_POINT('Ctrl Pts',(610.,-112.048928638542,-24.));
#4388=CARTESIAN_POINT('Ctrl Pts',(609.999999995029,-113.163169461415,-24.000000004971));
#4389=CARTESIAN_POINT('Ctrl Pts',(609.510577838655,-114.857664941799,-23.5105778493083));
#4390=CARTESIAN_POINT('Ctrl Pts',(609.246719072937,-115.591325588571,-23.2467190657998));
#4391=CARTESIAN_POINT('Ctrl Pts',(608.156687015672,-117.227781239957,-22.1566870072324));
#4392=CARTESIAN_POINT('Ctrl Pts',(607.472352636259,-117.93239515164,-21.4723526362587));
#4393=CARTESIAN_POINT('Ctrl Pts',(604.678164501942,-119.984296562359,-18.6781645019423));
#4394=CARTESIAN_POINT('Ctrl Pts',(602.628184187413,-119.999780727987,-16.6281841931586));
#4395=CARTESIAN_POINT('Ctrl Pts',(601.043693302967,-119.999999997585,-15.0436933027618));
#4396=CARTESIAN_POINT('Ctrl Pts',(601.021864288812,-120.,-15.0218642884013));
#4397=CARTESIAN_POINT('Ctrl Pts',(601.,-120.,-15.));
#4398=CARTESIAN_POINT('Ctrl Pts',(319.,-120.,-24.0001485305481));
#4399=CARTESIAN_POINT('Ctrl Pts',(319.,-120.,-7.33338274752892));
#4400=CARTESIAN_POINT('Ctrl Pts',(319.,-120.,9.33338303549031));
#4401=CARTESIAN_POINT('Ctrl Pts',(319.,-120.,26.0001488185095));
#4402=CARTESIAN_POINT('Ctrl Pts',(318.326801574231,-120.,-24.0001485305481));
#4403=CARTESIAN_POINT('Ctrl Pts',(318.326801574231,-120.,-7.3333827475289));
#4404=CARTESIAN_POINT('Ctrl Pts',(318.326801574231,-120.,9.33338303549029));
#4405=CARTESIAN_POINT('Ctrl Pts',(318.326801574231,-120.,26.0001488185095));
#4406=CARTESIAN_POINT('Ctrl Pts',(316.994629589178,-119.993164706119,-24.0001485305481));
#4407=CARTESIAN_POINT('Ctrl Pts',(316.994629589178,-119.993164706119,-7.33338274752894));
#4408=CARTESIAN_POINT('Ctrl Pts',(316.994629589178,-119.993164706119,9.33338303549031));
#4409=CARTESIAN_POINT('Ctrl Pts',(316.994629589178,-119.993164706119,26.0001488185095));
#4410=CARTESIAN_POINT('Ctrl Pts',(315.011650668376,-119.550604772755,-24.0001485305481));
#4411=CARTESIAN_POINT('Ctrl Pts',(315.011650668376,-119.550604772755,-7.3333827475289));
#4412=CARTESIAN_POINT('Ctrl Pts',(315.011650668376,-119.550604772755,9.33338303549029));
#4413=CARTESIAN_POINT('Ctrl Pts',(315.011650668376,-119.550604772755,26.0001488185095));
#4414=CARTESIAN_POINT('Ctrl Pts',(313.119201383659,-118.49164522155,-24.0001485305481));
#4415=CARTESIAN_POINT('Ctrl Pts',(313.119201383659,-118.49164522155,-7.33338274752891));
#4416=CARTESIAN_POINT('Ctrl Pts',(313.119201383659,-118.49164522155,9.3333830354903));
#4417=CARTESIAN_POINT('Ctrl Pts',(313.119201383659,-118.49164522155,26.0001488185095));
#4418=CARTESIAN_POINT('Ctrl Pts',(311.507944650603,-116.880866147267,-24.0001485305481));
#4419=CARTESIAN_POINT('Ctrl Pts',(311.507944650603,-116.880866147267,-7.33338274752891));
#4420=CARTESIAN_POINT('Ctrl Pts',(311.507944650603,-116.880866147267,9.3333830354903));
#4421=CARTESIAN_POINT('Ctrl Pts',(311.507944650603,-116.880866147267,26.0001488185095));
#4422=CARTESIAN_POINT('Ctrl Pts',(310.450490218654,-114.988842659188,-24.0001485305481));
#4423=CARTESIAN_POINT('Ctrl Pts',(310.450490218654,-114.988842659188,-7.3333827475289));
#4424=CARTESIAN_POINT('Ctrl Pts',(310.450490218654,-114.988842659188,9.33338303549029));
#4425=CARTESIAN_POINT('Ctrl Pts',(310.450490218654,-114.988842659188,26.0001488185095));
#4426=CARTESIAN_POINT('Ctrl Pts',(310.006485708455,-113.005334551162,-24.0001485305481));
#4427=CARTESIAN_POINT('Ctrl Pts',(310.006485708455,-113.005334551162,-7.33338274752894));
#4428=CARTESIAN_POINT('Ctrl Pts',(310.006485708455,-113.005334551162,9.33338303549033));
#4429=CARTESIAN_POINT('Ctrl Pts',(310.006485708455,-113.005334551162,26.0001488185095));
#4430=CARTESIAN_POINT('Ctrl Pts',(310.,-111.673198425769,-24.0001485305481));
#4431=CARTESIAN_POINT('Ctrl Pts',(310.,-111.673198425769,-7.33338274752889));
#4432=CARTESIAN_POINT('Ctrl Pts',(310.,-111.673198425769,9.33338303549028));
#4433=CARTESIAN_POINT('Ctrl Pts',(310.,-111.673198425769,26.0001488185095));
#4434=CARTESIAN_POINT('Ctrl Pts',(310.,-111.,-24.0001485305481));
#4435=CARTESIAN_POINT('Ctrl Pts',(310.,-111.,-7.33338274752892));
#4436=CARTESIAN_POINT('Ctrl Pts',(310.,-111.,9.33338303549031));
#4437=CARTESIAN_POINT('Ctrl Pts',(310.,-111.,26.0001488185095));
#4438=CARTESIAN_POINT('',(310.,-111.,26.));
#4439=CARTESIAN_POINT('',(310.,-111.,-24.));
#4440=CARTESIAN_POINT('',(319.,-120.,17.));
#4441=CARTESIAN_POINT('',(319.,-120.,-24.));
#4442=CARTESIAN_POINT('Ctrl Pts',(319.,-120.,17.));
#4443=CARTESIAN_POINT('Ctrl Pts',(318.978312225869,-120.,17.021687774347));
#4444=CARTESIAN_POINT('Ctrl Pts',(318.956659149231,-119.999999997662,17.0433408508774));
#4445=CARTESIAN_POINT('Ctrl Pts',(317.371755779395,-119.999784189518,18.6282442175495));
#4446=CARTESIAN_POINT('Ctrl Pts',(315.318712616598,-119.984485129995,20.6812873834019));
#4447=CARTESIAN_POINT('Ctrl Pts',(312.524611504818,-117.929250241239,23.475388495182));
#4448=CARTESIAN_POINT('Ctrl Pts',(311.841765468322,-117.22572397001,24.1582345316783));
#4449=CARTESIAN_POINT('Ctrl Pts',(310.753193365851,-115.590919099454,25.2468066341488));
#4450=CARTESIAN_POINT('Ctrl Pts',(310.489591338405,-114.857993807099,25.5104086615948));
#4451=CARTESIAN_POINT('Ctrl Pts',(310.,-113.16378094208,26.));
#4452=CARTESIAN_POINT('Ctrl Pts',(310.,-112.049206327666,26.));
#4453=CARTESIAN_POINT('Ctrl Pts',(310.,-111.,26.));
#4454=CARTESIAN_POINT('Ctrl Pts',(610.,-111.,-24.0001485305481));
#4455=CARTESIAN_POINT('Ctrl Pts',(610.,-111.,-7.33338274752891));
#4456=CARTESIAN_POINT('Ctrl Pts',(610.,-111.,9.33338303549031));
#4457=CARTESIAN_POINT('Ctrl Pts',(610.,-111.,26.0001488185095));
#4458=CARTESIAN_POINT('Ctrl Pts',(610.,-111.673198425769,-24.0001485305481));
#4459=CARTESIAN_POINT('Ctrl Pts',(610.,-111.673198425769,-7.3333827475289));
#4460=CARTESIAN_POINT('Ctrl Pts',(610.,-111.673198425769,9.33338303549029));
#4461=CARTESIAN_POINT('Ctrl Pts',(610.,-111.673198425769,26.0001488185095));
#4462=CARTESIAN_POINT('Ctrl Pts',(609.993163056001,-113.005367349738,-24.0001485305481));
#4463=CARTESIAN_POINT('Ctrl Pts',(609.993163056001,-113.005367349738,-7.33338274752893));
#4464=CARTESIAN_POINT('Ctrl Pts',(609.993163056001,-113.005367349738,9.33338303549032));
#4465=CARTESIAN_POINT('Ctrl Pts',(609.993163056001,-113.005367349738,26.0001488185095));
#4466=CARTESIAN_POINT('Ctrl Pts',(609.550605478543,-114.988344079239,-24.0001485305481));
#4467=CARTESIAN_POINT('Ctrl Pts',(609.550605478543,-114.988344079239,-7.3333827475289));
#4468=CARTESIAN_POINT('Ctrl Pts',(609.550605478543,-114.988344079239,9.33338303549029));
#4469=CARTESIAN_POINT('Ctrl Pts',(609.550605478543,-114.988344079239,26.0001488185095));
#4470=CARTESIAN_POINT('Ctrl Pts',(608.491644697644,-116.880791122534,-24.0001485305481));
#4471=CARTESIAN_POINT('Ctrl Pts',(608.491644697644,-116.880791122534,-7.33338274752891));
#4472=CARTESIAN_POINT('Ctrl Pts',(608.491644697644,-116.880791122534,9.3333830354903));
#4473=CARTESIAN_POINT('Ctrl Pts',(608.491644697644,-116.880791122534,26.0001488185095));
#4474=CARTESIAN_POINT('Ctrl Pts',(606.880867275465,-118.492047365727,-24.0001485305481));
#4475=CARTESIAN_POINT('Ctrl Pts',(606.880867275465,-118.492047365727,-7.33338274752892));
#4476=CARTESIAN_POINT('Ctrl Pts',(606.880867275465,-118.492047365727,9.33338303549032));
#4477=CARTESIAN_POINT('Ctrl Pts',(606.880867275465,-118.492047365727,26.0001488185095));
#4478=CARTESIAN_POINT('Ctrl Pts',(604.988844839559,-119.549501463776,-24.0001485305481));
#4479=CARTESIAN_POINT('Ctrl Pts',(604.988844839559,-119.549501463776,-7.3333827475289));
#4480=CARTESIAN_POINT('Ctrl Pts',(604.988844839559,-119.549501463776,9.3333830354903));
#4481=CARTESIAN_POINT('Ctrl Pts',(604.988844839559,-119.549501463776,26.0001488185095));
#4482=CARTESIAN_POINT('Ctrl Pts',(603.00533645674,-119.993508011523,-24.0001485305481));
#4483=CARTESIAN_POINT('Ctrl Pts',(603.00533645674,-119.993508011523,-7.33338274752895));
#4484=CARTESIAN_POINT('Ctrl Pts',(603.00533645674,-119.993508011523,9.33338303549035));
#4485=CARTESIAN_POINT('Ctrl Pts',(603.00533645674,-119.993508011523,26.0001488185095));
#4486=CARTESIAN_POINT('Ctrl Pts',(601.673198425769,-120.,-24.0001485305481));
#4487=CARTESIAN_POINT('Ctrl Pts',(601.673198425769,-120.,-7.33338274752889));
#4488=CARTESIAN_POINT('Ctrl Pts',(601.673198425769,-120.,9.33338303549029));
#4489=CARTESIAN_POINT('Ctrl Pts',(601.673198425769,-120.,26.0001488185095));
#4490=CARTESIAN_POINT('Ctrl Pts',(601.,-120.,-24.0001485305481));
#4491=CARTESIAN_POINT('Ctrl Pts',(601.,-120.,-7.33338274752891));
#4492=CARTESIAN_POINT('Ctrl Pts',(601.,-120.,9.33338303549031));
#4493=CARTESIAN_POINT('Ctrl Pts',(601.,-120.,26.0001488185095));
#4494=CARTESIAN_POINT('',(601.,-120.,17.));
#4495=CARTESIAN_POINT('',(601.,-120.,-24.));
#4496=CARTESIAN_POINT('',(610.,-111.,26.));
#4497=CARTESIAN_POINT('',(610.,-111.,-24.));
#4498=CARTESIAN_POINT('Ctrl Pts',(610.,-111.,26.));
#4499=CARTESIAN_POINT('Ctrl Pts',(610.,-112.049206327666,26.));
#4500=CARTESIAN_POINT('Ctrl Pts',(610.,-113.16378094208,26.));
#4501=CARTESIAN_POINT('Ctrl Pts',(609.510408661595,-114.857993807099,25.5104086615946));
#4502=CARTESIAN_POINT('Ctrl Pts',(609.246806634149,-115.590919099455,25.2468066341486));
#4503=CARTESIAN_POINT('Ctrl Pts',(608.158234531679,-117.22572397001,24.1582345316788));
#4504=CARTESIAN_POINT('Ctrl Pts',(607.475388495183,-117.929250241238,23.4753884951828));
#4505=CARTESIAN_POINT('Ctrl Pts',(604.681287383488,-119.984485129932,20.681287383488));
#4506=CARTESIAN_POINT('Ctrl Pts',(602.628244226968,-119.999784189518,18.6282442115293));
#4507=CARTESIAN_POINT('Ctrl Pts',(601.043340850635,-119.999999997662,17.0433408511795));
#4508=CARTESIAN_POINT('Ctrl Pts',(601.021687773969,-120.,17.0216877750601));
#4509=CARTESIAN_POINT('Ctrl Pts',(601.,-120.,17.));
#4510=CARTESIAN_POINT('Ctrl Pts',(309.99985118149,-120.,17.));
#4511=CARTESIAN_POINT('Ctrl Pts',(409.99995039383,-120.,17.));
#4512=CARTESIAN_POINT('Ctrl Pts',(510.00004960617,-120.,17.));
#4513=CARTESIAN_POINT('Ctrl Pts',(610.00014881851,-120.,17.));
#4514=CARTESIAN_POINT('Ctrl Pts',(309.99985118149,-120.,17.6731984257692));
#4515=CARTESIAN_POINT('Ctrl Pts',(409.99995039383,-120.,17.6731984257692));
#4516=CARTESIAN_POINT('Ctrl Pts',(510.00004960617,-120.,17.6731984257692));
#4517=CARTESIAN_POINT('Ctrl Pts',(610.00014881851,-120.,17.6731984257692));
#4518=CARTESIAN_POINT('Ctrl Pts',(309.99985118149,-119.993163056001,19.005367349738));
#4519=CARTESIAN_POINT('Ctrl Pts',(409.99995039383,-119.993163056001,19.005367349738));
#4520=CARTESIAN_POINT('Ctrl Pts',(510.00004960617,-119.993163056001,19.005367349738));
#4521=CARTESIAN_POINT('Ctrl Pts',(610.000148818509,-119.993163056001,19.005367349738));
#4522=CARTESIAN_POINT('Ctrl Pts',(309.99985118149,-119.550605478543,20.9883440792385));
#4523=CARTESIAN_POINT('Ctrl Pts',(409.99995039383,-119.550605478543,20.9883440792385));
#4524=CARTESIAN_POINT('Ctrl Pts',(510.00004960617,-119.550605478543,20.9883440792385));
#4525=CARTESIAN_POINT('Ctrl Pts',(610.000148818509,-119.550605478543,20.9883440792385));
#4526=CARTESIAN_POINT('Ctrl Pts',(309.99985118149,-118.491644697644,22.8807911225342));
#4527=CARTESIAN_POINT('Ctrl Pts',(409.99995039383,-118.491644697644,22.8807911225342));
#4528=CARTESIAN_POINT('Ctrl Pts',(510.000049606169,-118.491644697644,22.8807911225342));
#4529=CARTESIAN_POINT('Ctrl Pts',(610.000148818509,-118.491644697644,22.8807911225342));
#4530=CARTESIAN_POINT('Ctrl Pts',(309.99985118149,-116.880867275465,24.4920473657274));
#4531=CARTESIAN_POINT('Ctrl Pts',(409.99995039383,-116.880867275465,24.4920473657274));
#4532=CARTESIAN_POINT('Ctrl Pts',(510.00004960617,-116.880867275465,24.4920473657274));
#4533=CARTESIAN_POINT('Ctrl Pts',(610.000148818509,-116.880867275465,24.4920473657274));
#4534=CARTESIAN_POINT('Ctrl Pts',(309.99985118149,-114.988844839559,25.5495014637762));
#4535=CARTESIAN_POINT('Ctrl Pts',(409.99995039383,-114.988844839559,25.5495014637762));
#4536=CARTESIAN_POINT('Ctrl Pts',(510.000049606169,-114.988844839559,25.5495014637762));
#4537=CARTESIAN_POINT('Ctrl Pts',(610.000148818509,-114.988844839559,25.5495014637762));
#4538=CARTESIAN_POINT('Ctrl Pts',(309.99985118149,-113.00533645674,25.9935080115225));
#4539=CARTESIAN_POINT('Ctrl Pts',(409.99995039383,-113.00533645674,25.9935080115225));
#4540=CARTESIAN_POINT('Ctrl Pts',(510.00004960617,-113.00533645674,25.9935080115225));
#4541=CARTESIAN_POINT('Ctrl Pts',(610.000148818509,-113.00533645674,25.9935080115225));
#4542=CARTESIAN_POINT('Ctrl Pts',(309.99985118149,-111.673198425769,26.));
#4543=CARTESIAN_POINT('Ctrl Pts',(409.99995039383,-111.673198425769,26.));
#4544=CARTESIAN_POINT('Ctrl Pts',(510.00004960617,-111.673198425769,26.));
#4545=CARTESIAN_POINT('Ctrl Pts',(610.00014881851,-111.673198425769,26.));
#4546=CARTESIAN_POINT('Ctrl Pts',(309.99985118149,-111.,26.));
#4547=CARTESIAN_POINT('Ctrl Pts',(409.99995039383,-111.,26.));
#4548=CARTESIAN_POINT('Ctrl Pts',(510.00004960617,-111.,26.));
#4549=CARTESIAN_POINT('Ctrl Pts',(610.00014881851,-111.,26.));
#4550=CARTESIAN_POINT('',(313.2,-116.8,24.4253642817468));
#4551=CARTESIAN_POINT('',(313.2,-111.,26.));
#4552=CARTESIAN_POINT('Ctrl Pts',(313.2,-116.799958373992,24.4255328881593));
#4553=CARTESIAN_POINT('Ctrl Pts',(313.2,-116.225713729279,24.8581719391469));
#4554=CARTESIAN_POINT('Ctrl Pts',(313.2,-115.606986307628,25.2018721823116));
#4555=CARTESIAN_POINT('Ctrl Pts',(313.2,-114.97359718174,25.4472602053924));
#4556=CARTESIAN_POINT('Ctrl Pts',(313.2,-114.327675378619,25.6975036463583));
#4557=CARTESIAN_POINT('Ctrl Pts',(313.2,-113.66650591768,25.8455058289404));
#4558=CARTESIAN_POINT('Ctrl Pts',(313.2,-113.002886679467,25.9211299173508));
#4559=CARTESIAN_POINT('Ctrl Pts',(313.2,-112.339267441255,25.9967540057613));
#4560=CARTESIAN_POINT('Ctrl Pts',(313.2,-111.673198425769,26.));
#4561=CARTESIAN_POINT('Ctrl Pts',(313.2,-111.,26.));
#4562=CARTESIAN_POINT('',(385.,-111.,26.));
#4563=CARTESIAN_POINT('',(385.,-120.,17.));
#4564=CARTESIAN_POINT('',(606.8,-111.,26.));
#4565=CARTESIAN_POINT('',(385.,-111.,26.));
#4566=CARTESIAN_POINT('',(606.8,-116.8,24.4253642817468));
#4567=CARTESIAN_POINT('Ctrl Pts',(606.8,-111.,26.));
#4568=CARTESIAN_POINT('Ctrl Pts',(606.8,-112.022466430007,26.));
#4569=CARTESIAN_POINT('Ctrl Pts',(606.8,-113.105106205437,26.));
#4570=CARTESIAN_POINT('Ctrl Pts',(606.8,-114.815945424424,25.5296734336845));
#4571=CARTESIAN_POINT('Ctrl Pts',(606.8,-115.339662187686,25.3178496978495));
#4572=CARTESIAN_POINT('Ctrl Pts',(606.8,-116.175685364303,24.8620827207166));
#4573=CARTESIAN_POINT('Ctrl Pts',(606.8,-116.496091055968,24.6544047068851));
#4574=CARTESIAN_POINT('Ctrl Pts',(606.8,-116.8,24.4253642817467));
#4575=CARTESIAN_POINT('Ctrl Pts',(606.8,-116.8,24.4253642817468));
#4576=CARTESIAN_POINT('Ctrl Pts',(508.933333333333,-116.8,24.4253642817468));
#4577=CARTESIAN_POINT('Ctrl Pts',(411.066666666667,-116.8,24.4253642817468));
#4578=CARTESIAN_POINT('Ctrl Pts',(313.2,-116.8,24.4253642817468));
#4579=CARTESIAN_POINT('Origin',(313.2,30.,-24.));
#4580=CARTESIAN_POINT('',(313.2,-116.8,-20.8));
#4581=CARTESIAN_POINT('',(313.2,-116.8,-24.));
#4582=CARTESIAN_POINT('',(313.2,26.8,-20.8));
#4583=CARTESIAN_POINT('',(313.2,-7.5,-20.8));
#4584=CARTESIAN_POINT('',(313.2,26.8,26.));
#4585=CARTESIAN_POINT('',(313.2,26.8,-24.));
#4586=CARTESIAN_POINT('',(313.2,-7.5,26.));
#4587=CARTESIAN_POINT('Origin',(310.,-116.8,-24.));
#4588=CARTESIAN_POINT('',(606.8,-116.8,-20.8));
#4589=CARTESIAN_POINT('',(606.8,-116.8,-24.));
#4590=CARTESIAN_POINT('',(385.,-116.8,-20.8));
#4591=CARTESIAN_POINT('',(335.000000074506,-116.8,3.90000013411046));
#4592=CARTESIAN_POINT('',(335.000000074506,-116.8,1.90000010430813));
#4593=CARTESIAN_POINT('',(335.000000074506,-116.8,-11.0499999478459));
#4594=CARTESIAN_POINT('',(341.000000163913,-116.8,1.90000010430813));
#4595=CARTESIAN_POINT('',(325.500000081956,-116.8,1.90000010430813));
#4596=CARTESIAN_POINT('',(341.000000163913,-116.8,3.90000013411046));
#4597=CARTESIAN_POINT('',(341.000000163913,-116.8,-10.0499999329448));
#4598=CARTESIAN_POINT('',(322.500000037253,-116.8,3.90000013411045));
#4599=CARTESIAN_POINT('',(579.000004306436,-116.8,3.90000013411046));
#4600=CARTESIAN_POINT('',(579.000004306436,-116.8,1.90000010430813));
#4601=CARTESIAN_POINT('',(579.000004306436,-116.8,-11.0499999478459));
#4602=CARTESIAN_POINT('',(585.000004395843,-116.8,1.90000010430813));
#4603=CARTESIAN_POINT('',(447.500002197921,-116.8,1.90000010430813));
#4604=CARTESIAN_POINT('',(585.000004395843,-116.8,3.90000013411045));
#4605=CARTESIAN_POINT('',(585.000004395843,-116.8,-10.0499999329448));
#4606=CARTESIAN_POINT('',(444.500002153218,-116.8,3.90000013411045));
#4607=CARTESIAN_POINT('',(335.000000074506,-116.8,0.200000104308127));
#4608=CARTESIAN_POINT('',(335.000000074506,-116.8,-1.7999999254942));
#4609=CARTESIAN_POINT('',(335.000000074506,-116.8,-12.8999999627471));
#4610=CARTESIAN_POINT('',(341.000000163913,-116.8,-1.7999999254942));
#4611=CARTESIAN_POINT('',(325.500000081956,-116.8,-1.79999992549419));
#4612=CARTESIAN_POINT('',(341.000000163913,-116.8,0.200000104308127));
#4613=CARTESIAN_POINT('',(341.000000163913,-116.8,-11.8999999478459));
#4614=CARTESIAN_POINT('',(322.500000037253,-116.8,0.200000104308136));
#4615=CARTESIAN_POINT('',(579.000004306436,-116.8,0.200000104308136));
#4616=CARTESIAN_POINT('',(579.000004306436,-116.8,-1.79999992549419));
#4617=CARTESIAN_POINT('',(579.000004306436,-116.8,-12.8999999627471));
#4618=CARTESIAN_POINT('',(585.000004395843,-116.8,-1.79999992549419));
#4619=CARTESIAN_POINT('',(447.500002197921,-116.8,-1.7999999254942));
#4620=CARTESIAN_POINT('',(585.000004395843,-116.8,0.200000104308127));
#4621=CARTESIAN_POINT('',(585.000004395843,-116.8,-11.8999999478459));
#4622=CARTESIAN_POINT('',(444.500002153218,-116.8,0.200000104308127));
#4623=CARTESIAN_POINT('Origin',(460.,-45.,26.));
#4624=CARTESIAN_POINT('',(606.8,26.8,26.));
#4625=CARTESIAN_POINT('',(535.,26.8,26.));
#4626=CARTESIAN_POINT('',(606.8,-82.5,26.));
#4627=CARTESIAN_POINT('',(610.,30.,26.));
#4628=CARTESIAN_POINT('',(610.,-120.,26.));
#4629=CARTESIAN_POINT('',(447.000006660819,30.,26.));
#4630=CARTESIAN_POINT('',(610.,30.,26.));
#4631=CARTESIAN_POINT('',(447.000006660819,28.9,26.));
#4632=CARTESIAN_POINT('',(447.000006660819,30.,26.));
#4633=CARTESIAN_POINT('',(447.000006660819,30.,26.));
#4634=CARTESIAN_POINT('',(310.,30.,26.));
#4635=CARTESIAN_POINT('',(610.,30.,26.));
#4636=CARTESIAN_POINT('',(310.,30.,26.));
#4637=CARTESIAN_POINT('Origin',(606.8,-120.,-24.));
#4638=CARTESIAN_POINT('',(606.8,26.8,-20.8));
#4639=CARTESIAN_POINT('',(606.8,26.8,-24.));
#4640=CARTESIAN_POINT('',(606.8,-82.5,-20.8));
#4641=CARTESIAN_POINT('Origin',(310.,-120.,-24.));
#4642=CARTESIAN_POINT('Origin',(607.499999925494,30.,0.00736783243083188));
#4643=CARTESIAN_POINT('',(609.999999925494,30.,0.00736783243083158));
#4644=CARTESIAN_POINT('',(609.999999925494,28.9,0.00736783243083158));
#4645=CARTESIAN_POINT('',(610.,30.,0.00736783243083188));
#4646=CARTESIAN_POINT('',(605.000004395843,28.9,0.00736783243083188));
#4647=CARTESIAN_POINT('Origin',(607.499999925494,28.9,0.00736783243083188));
#4648=CARTESIAN_POINT('',(605.000004395843,30.,0.00736783243083188));
#4649=CARTESIAN_POINT('',(605.000004395843,30.,0.00736783243083188));
#4650=CARTESIAN_POINT('Origin',(607.499999925494,30.,0.00736783243083188));
#4651=CARTESIAN_POINT('Origin',(607.499999925494,30.,0.00736783243083188));
#4652=CARTESIAN_POINT('',(610.,30.,0.00736783243083188));
#4653=CARTESIAN_POINT('Origin',(607.499999925494,30.,0.00736783243083188));
#4654=CARTESIAN_POINT('',(605.000004395843,30.,0.00736783243083188));
#4655=CARTESIAN_POINT('Origin',(607.499999925494,28.9,0.00736783243083188));
#4656=CARTESIAN_POINT('Origin',(607.499999925494,28.9,0.00736783243083183));
#4657=CARTESIAN_POINT('Origin',(447.000006660819,30.,23.5));
#4658=CARTESIAN_POINT('',(447.000006660819,30.,21.0000006705523));
#4659=CARTESIAN_POINT('',(447.000006660819,28.9,21.0000006705523));
#4660=CARTESIAN_POINT('',(447.000006660819,30.,21.0000006705523));
#4661=CARTESIAN_POINT('Origin',(447.000006660819,28.9,23.5));
#4662=CARTESIAN_POINT('Origin',(447.000006660819,30.,23.5));
#4663=CARTESIAN_POINT('Origin',(447.000006660819,30.,23.5));
#4664=CARTESIAN_POINT('',(447.000006660819,30.,21.0000006705523));
#4665=CARTESIAN_POINT('Origin',(447.000006660819,30.,23.5));
#4666=CARTESIAN_POINT('Origin',(447.000006660819,28.9,23.5));
#4667=CARTESIAN_POINT('Origin',(447.000006660819,28.9,23.5));
#4668=CARTESIAN_POINT('Origin',(312.499995604157,30.,-0.00892506828303663));
#4669=CARTESIAN_POINT('',(310.,30.,-0.00892506828303663));
#4670=CARTESIAN_POINT('',(310.,28.9,-0.00892506828303663));
#4671=CARTESIAN_POINT('',(310.,30.,-0.00892506828303663));
#4672=CARTESIAN_POINT('',(314.999995604157,28.9,-0.00892506828303694));
#4673=CARTESIAN_POINT('Origin',(312.499995604157,28.9,-0.00892506828303663));
#4674=CARTESIAN_POINT('',(314.999995604157,30.,-0.00892506828303694));
#4675=CARTESIAN_POINT('',(315.000000074506,30.,-0.00892506828303663));
#4676=CARTESIAN_POINT('Origin',(312.499995604157,30.,-0.00892506828303663));
#4677=CARTESIAN_POINT('Origin',(312.499995604157,30.,-0.00892506828303663));
#4678=CARTESIAN_POINT('',(310.,30.,-0.00892506828303663));
#4679=CARTESIAN_POINT('Origin',(312.499995604157,30.,-0.00892506828303663));
#4680=CARTESIAN_POINT('',(315.000000074506,30.,-0.00892506828303663));
#4681=CARTESIAN_POINT('Origin',(312.499995604157,28.9,-0.00892506828303663));
#4682=CARTESIAN_POINT('Origin',(312.499995604157,28.9,-0.00892506828303663));
#4683=CARTESIAN_POINT('Origin',(610.,30.,-24.));
#4684=CARTESIAN_POINT('',(315.000000074506,30.,21.0000006705523));
#4685=CARTESIAN_POINT('',(607.500002197921,30.,21.0000006705523));
#4686=CARTESIAN_POINT('',(315.000000074506,30.,-1.49999966472387));
#4687=CARTESIAN_POINT('',(310.,30.,-24.));
#4688=CARTESIAN_POINT('Origin',(610.,30.,-24.));
#4689=CARTESIAN_POINT('',(610.,30.,-24.));
#4690=CARTESIAN_POINT('',(610.,30.,-24.));
#4691=CARTESIAN_POINT('',(310.,30.,-24.));
#4692=CARTESIAN_POINT('',(610.,30.,-24.));
#4693=CARTESIAN_POINT('',(310.,30.,-24.));
#4694=CARTESIAN_POINT('',(315.000000074506,30.,-18.9999999254942));
#4695=CARTESIAN_POINT('',(315.000000074506,30.,-1.49999966472387));
#4696=CARTESIAN_POINT('',(605.000004395843,30.,-18.9999999254942));
#4697=CARTESIAN_POINT('',(462.500000037253,30.,-18.9999999254942));
#4698=CARTESIAN_POINT('',(605.000004395843,30.,-21.4999999627471));
#4699=CARTESIAN_POINT('Origin',(610.,30.,-24.));
#4700=CARTESIAN_POINT('',(605.000004395843,30.,21.0000006705523));
#4701=CARTESIAN_POINT('',(605.000004395843,30.,-21.4999999627471));
#4702=CARTESIAN_POINT('',(607.500002197921,30.,21.0000006705523));
#4703=CARTESIAN_POINT('',(610.,30.,-24.));
#4704=CARTESIAN_POINT('Origin',(579.000004306436,-116.8,-1.79999992549419));
#4705=CARTESIAN_POINT('',(579.000004306436,-112.8,0.200000104308136));
#4706=CARTESIAN_POINT('',(579.000004306436,-116.8,0.200000104308136));
#4707=CARTESIAN_POINT('',(579.000004306436,-112.8,-1.79999992549419));
#4708=CARTESIAN_POINT('',(579.000004306436,-112.8,0.200000104308136));
#4709=CARTESIAN_POINT('',(579.000004306436,-116.8,-1.79999992549419));
#4710=CARTESIAN_POINT('Origin',(585.000004395843,-116.8,-1.79999992549419));
#4711=CARTESIAN_POINT('',(585.000004395843,-112.8,-1.79999992549419));
#4712=CARTESIAN_POINT('',(579.000004306436,-112.8,-1.79999992549419));
#4713=CARTESIAN_POINT('',(585.000004395843,-116.8,-1.79999992549419));
#4714=CARTESIAN_POINT('Origin',(585.000004395843,-116.8,0.200000104308127));
#4715=CARTESIAN_POINT('',(585.000004395843,-112.8,0.200000104308127));
#4716=CARTESIAN_POINT('',(585.000004395843,-112.8,-1.79999992549419));
#4717=CARTESIAN_POINT('',(585.000004395843,-116.8,0.200000104308127));
#4718=CARTESIAN_POINT('Origin',(579.000004306436,-116.8,0.200000104308136));
#4719=CARTESIAN_POINT('',(585.000004395843,-112.8,0.200000104308127));
#4720=CARTESIAN_POINT('Origin',(582.000004351139,-112.8,-0.799999910593026));
#4721=CARTESIAN_POINT('Origin',(335.000000074506,-116.8,-1.7999999254942));
#4722=CARTESIAN_POINT('',(335.000000074506,-112.8,0.200000104308127));
#4723=CARTESIAN_POINT('',(335.000000074506,-116.8,0.200000104308127));
#4724=CARTESIAN_POINT('',(335.000000074506,-112.8,-1.7999999254942));
#4725=CARTESIAN_POINT('',(335.000000074506,-112.8,0.200000104308127));
#4726=CARTESIAN_POINT('',(335.000000074506,-116.8,-1.7999999254942));
#4727=CARTESIAN_POINT('Origin',(341.000000163913,-116.8,-1.7999999254942));
#4728=CARTESIAN_POINT('',(341.000000163913,-112.8,-1.7999999254942));
#4729=CARTESIAN_POINT('',(335.000000074506,-112.8,-1.7999999254942));
#4730=CARTESIAN_POINT('',(341.000000163913,-116.8,-1.7999999254942));
#4731=CARTESIAN_POINT('Origin',(341.000000163913,-116.8,0.200000104308127));
#4732=CARTESIAN_POINT('',(341.000000163913,-112.8,0.200000104308127));
#4733=CARTESIAN_POINT('',(341.000000163913,-112.8,-1.7999999254942));
#4734=CARTESIAN_POINT('',(341.000000163913,-116.8,0.200000104308127));
#4735=CARTESIAN_POINT('Origin',(335.000000074506,-116.8,0.200000104308127));
#4736=CARTESIAN_POINT('',(341.000000163913,-112.8,0.200000104308127));
#4737=CARTESIAN_POINT('Origin',(338.000000119209,-112.8,-0.799999910593034));
#4738=CARTESIAN_POINT('Origin',(579.000004306436,-116.8,1.90000010430813));
#4739=CARTESIAN_POINT('',(579.000004306436,-112.8,3.90000013411046));
#4740=CARTESIAN_POINT('',(579.000004306436,-116.8,3.90000013411046));
#4741=CARTESIAN_POINT('',(579.000004306436,-112.8,1.90000010430813));
#4742=CARTESIAN_POINT('',(579.000004306436,-112.8,3.90000013411046));
#4743=CARTESIAN_POINT('',(579.000004306436,-116.8,1.90000010430813));
#4744=CARTESIAN_POINT('Origin',(585.000004395843,-116.8,1.90000010430813));
#4745=CARTESIAN_POINT('',(585.000004395843,-112.8,1.90000010430813));
#4746=CARTESIAN_POINT('',(579.000004306436,-112.8,1.90000010430813));
#4747=CARTESIAN_POINT('',(585.000004395843,-116.8,1.90000010430813));
#4748=CARTESIAN_POINT('Origin',(585.000004395843,-116.8,3.90000013411045));
#4749=CARTESIAN_POINT('',(585.000004395843,-112.8,3.90000013411045));
#4750=CARTESIAN_POINT('',(585.000004395843,-112.8,1.90000010430813));
#4751=CARTESIAN_POINT('',(585.000004395843,-116.8,3.90000013411045));
#4752=CARTESIAN_POINT('Origin',(579.000004306436,-116.8,3.90000013411046));
#4753=CARTESIAN_POINT('',(585.000004395843,-112.8,3.90000013411045));
#4754=CARTESIAN_POINT('Origin',(582.000004351139,-112.8,2.9000001192093));
#4755=CARTESIAN_POINT('Origin',(335.000000074506,-116.8,1.90000010430813));
#4756=CARTESIAN_POINT('',(335.000000074506,-112.8,3.90000013411046));
#4757=CARTESIAN_POINT('',(335.000000074506,-116.8,3.90000013411046));
#4758=CARTESIAN_POINT('',(335.000000074506,-112.8,1.90000010430813));
#4759=CARTESIAN_POINT('',(335.000000074506,-112.8,3.90000013411046));
#4760=CARTESIAN_POINT('',(335.000000074506,-116.8,1.90000010430813));
#4761=CARTESIAN_POINT('Origin',(341.000000163913,-116.8,1.90000010430813));
#4762=CARTESIAN_POINT('',(341.000000163913,-112.8,1.90000010430813));
#4763=CARTESIAN_POINT('',(335.000000074506,-112.8,1.90000010430813));
#4764=CARTESIAN_POINT('',(341.000000163913,-116.8,1.90000010430813));
#4765=CARTESIAN_POINT('Origin',(341.000000163913,-116.8,3.90000013411046));
#4766=CARTESIAN_POINT('',(341.000000163913,-112.8,3.90000013411046));
#4767=CARTESIAN_POINT('',(341.000000163913,-112.8,1.90000010430813));
#4768=CARTESIAN_POINT('',(341.000000163913,-116.8,3.90000013411046));
#4769=CARTESIAN_POINT('Origin',(335.000000074506,-116.8,3.90000013411046));
#4770=CARTESIAN_POINT('',(341.000000163913,-112.8,3.90000013411046));
#4771=CARTESIAN_POINT('Origin',(338.000000119209,-112.8,2.9000001192093));
#4772=CARTESIAN_POINT('Origin',(605.000004395843,30.,-18.9999999254942));
#4773=CARTESIAN_POINT('',(605.000004395843,26.8,-18.9999999254942));
#4774=CARTESIAN_POINT('',(605.000004395843,30.,-18.9999999254942));
#4775=CARTESIAN_POINT('',(605.000004395843,26.8,21.0000006705523));
#4776=CARTESIAN_POINT('',(605.000004395843,26.8,-21.4999999627471));
#4777=CARTESIAN_POINT('',(605.000004395843,30.,21.0000006705523));
#4778=CARTESIAN_POINT('Origin',(315.000000074506,30.,-18.9999999254942));
#4779=CARTESIAN_POINT('',(315.000000074506,26.8,-18.9999999254942));
#4780=CARTESIAN_POINT('',(315.000000074506,30.,-18.9999999254942));
#4781=CARTESIAN_POINT('',(462.500000037253,26.8,-18.9999999254942));
#4782=CARTESIAN_POINT('Origin',(315.000000074506,30.,21.0000006705523));
#4783=CARTESIAN_POINT('',(315.000000074506,26.8,21.0000006705523));
#4784=CARTESIAN_POINT('',(315.000000074506,30.,21.0000006705523));
#4785=CARTESIAN_POINT('',(315.000000074506,26.8,-1.49999966472387));
#4786=CARTESIAN_POINT('Origin',(605.000004395843,30.,21.0000006705523));
#4787=CARTESIAN_POINT('',(607.500002197921,26.8,21.0000006705523));
#4788=CARTESIAN_POINT('Origin',(610.,26.8,-24.));
#4789=CARTESIAN_POINT('',(535.,26.8,-20.8));
#4790=CARTESIAN_POINT('Origin',(460.,-45.,-20.8));
#4791=CARTESIAN_POINT('Origin',(610.,-120.,-24.));
#4792=CARTESIAN_POINT('',(610.,-120.,-24.));
#4793=CARTESIAN_POINT('Origin',(310.,30.,-24.));
#4794=CARTESIAN_POINT('',(310.,30.,-24.));
#4795=CARTESIAN_POINT('Origin',(460.,-45.,-24.));
#4796=CARTESIAN_POINT('Ctrl Pts',(318.8,30.,-28.7712679626892));
#4797=CARTESIAN_POINT('Ctrl Pts',(318.8,29.7287320373108,-28.7712679626892));
#4798=CARTESIAN_POINT('Ctrl Pts',(318.8,29.7287320373108,-28.5));
#4799=CARTESIAN_POINT('Ctrl Pts',(318.8,29.7287320373108,-28.2287320373108));
#4800=CARTESIAN_POINT('Ctrl Pts',(318.8,30.,-28.2287320373108));
#4801=CARTESIAN_POINT('Ctrl Pts',(318.8,30.2712679626892,-28.2287320373108));
#4802=CARTESIAN_POINT('Ctrl Pts',(318.8,30.2712679626892,-28.5));
#4803=CARTESIAN_POINT('Ctrl Pts',(318.8,30.2712679626892,-28.7712679626892));
#4804=CARTESIAN_POINT('Ctrl Pts',(318.8,30.,-28.7712679626892));
#4805=CARTESIAN_POINT('Ctrl Pts',(318.8,30.,-29.5525535891959));
#4806=CARTESIAN_POINT('Ctrl Pts',(318.8,28.9474464108041,-29.5525535891959));
#4807=CARTESIAN_POINT('Ctrl Pts',(318.8,28.9474464108041,-28.5));
#4808=CARTESIAN_POINT('Ctrl Pts',(318.8,28.9474464108041,-27.4474464108041));
#4809=CARTESIAN_POINT('Ctrl Pts',(318.8,30.,-27.4474464108041));
#4810=CARTESIAN_POINT('Ctrl Pts',(318.8,31.0525535891959,-27.4474464108041));
#4811=CARTESIAN_POINT('Ctrl Pts',(318.8,31.0525535891959,-28.5));
#4812=CARTESIAN_POINT('Ctrl Pts',(318.8,31.0525535891959,-29.5525535891959));
#4813=CARTESIAN_POINT('Ctrl Pts',(318.8,30.,-29.5525535891959));
#4814=CARTESIAN_POINT('Ctrl Pts',(318.0419218956,30.,-29.7415636889652));
#4815=CARTESIAN_POINT('Ctrl Pts',(318.0419218956,28.7584363110348,-29.7415636889652));
#4816=CARTESIAN_POINT('Ctrl Pts',(318.0419218956,28.7584363110348,-28.5));
#4817=CARTESIAN_POINT('Ctrl Pts',(318.0419218956,28.7584363110348,-27.2584363110348));
#4818=CARTESIAN_POINT('Ctrl Pts',(318.0419218956,30.,-27.2584363110348));
#4819=CARTESIAN_POINT('Ctrl Pts',(318.0419218956,31.2415636889652,-27.2584363110348));
#4820=CARTESIAN_POINT('Ctrl Pts',(318.0419218956,31.2415636889652,-28.5));
#4821=CARTESIAN_POINT('Ctrl Pts',(318.0419218956,31.2415636889652,-29.7415636889652));
#4822=CARTESIAN_POINT('Ctrl Pts',(318.0419218956,30.,-29.7415636889652));
#4823=CARTESIAN_POINT('',(318.0419218956,28.7584363110348,-28.5));
#4824=CARTESIAN_POINT('',(318.0419218956,30.,-29.7415636889652));
#4825=CARTESIAN_POINT('Origin',(318.0419218956,30.,-28.5));
#4826=CARTESIAN_POINT('',(318.8,30.,-28.7712679626892));
#4827=CARTESIAN_POINT('Origin',(317.8,30.,-28.7712679626892));
#4828=CARTESIAN_POINT('Origin',(318.8,30.,-28.5));
#4829=CARTESIAN_POINT('Origin',(318.0419218956,30.,-28.5));
#4830=CARTESIAN_POINT('Origin',(315.,30.,-28.5));
#4831=CARTESIAN_POINT('',(315.,28.,-28.5));
#4832=CARTESIAN_POINT('',(315.,28.,-28.5));
#4833=CARTESIAN_POINT('Origin',(315.,30.,-28.5));
#4834=CARTESIAN_POINT('Origin',(318.8,30.,-28.5));
#4835=CARTESIAN_POINT('Origin',(310.,30.,-28.5));
#4836=CARTESIAN_POINT('',(310.,30.,-24.5));
#4837=CARTESIAN_POINT('',(310.,27.4967164856074,-31.6198672482287));
#4838=CARTESIAN_POINT('Origin',(310.,30.,-28.5));
#4839=CARTESIAN_POINT('',(315.,30.,-24.5));
#4840=CARTESIAN_POINT('',(310.,30.,-24.5));
#4841=CARTESIAN_POINT('',(315.,27.4967164856074,-31.6198672482287));
#4842=CARTESIAN_POINT('Origin',(315.,30.,-28.5));
#4843=CARTESIAN_POINT('',(310.,27.4967164856074,-31.6198672482287));
#4844=CARTESIAN_POINT('Origin',(310.,18.0000002682209,-24.0000003576279));
#4845=CARTESIAN_POINT('',(310.,18.0000002682209,-24.0000003576279));
#4846=CARTESIAN_POINT('',(310.,18.0000002682209,-24.0000003576279));
#4847=CARTESIAN_POINT('',(315.,18.0000002682209,-24.0000003576279));
#4848=CARTESIAN_POINT('',(315.,18.0000002682209,-24.0000003576279));
#4849=CARTESIAN_POINT('',(310.,18.0000002682209,-24.0000003576279));
#4850=CARTESIAN_POINT('Origin',(310.,30.,-24.));
#4851=CARTESIAN_POINT('',(310.,30.,-24.));
#4852=CARTESIAN_POINT('',(310.,30.,-24.));
#4853=CARTESIAN_POINT('',(315.,30.,-24.));
#4854=CARTESIAN_POINT('',(315.,30.,-24.));
#4855=CARTESIAN_POINT('',(310.,30.,-24.));
#4856=CARTESIAN_POINT('Origin',(310.,30.,-24.5));
#4857=CARTESIAN_POINT('',(310.,30.,-24.));
#4858=CARTESIAN_POINT('',(315.,30.,-24.));
#4859=CARTESIAN_POINT('Origin',(310.,26.0000001341105,-28.25));
#4860=CARTESIAN_POINT('Origin',(315.,26.0000001341105,-28.25));
#4861=CARTESIAN_POINT('',(0.,0.,0.));
#4862=CARTESIAN_POINT('Origin',(312.5,29.9990379619598,-60.));
#4863=CARTESIAN_POINT('',(315.,29.9990379619598,-60.));
#4864=CARTESIAN_POINT('',(315.,28.8990379619598,-60.));
#4865=CARTESIAN_POINT('',(315.,29.9990379619598,-60.));
#4866=CARTESIAN_POINT('',(310.,29.9990379619598,-60.));
#4867=CARTESIAN_POINT('Origin',(312.5,29.9990379619598,-60.));
#4868=CARTESIAN_POINT('',(310.,28.8990379619598,-60.));
#4869=CARTESIAN_POINT('',(310.,29.9990379619598,-60.));
#4870=CARTESIAN_POINT('Origin',(312.5,28.8990379619598,-60.));
#4871=CARTESIAN_POINT('Origin',(447.,29.9990379619598,-80.491074931717));
#4872=CARTESIAN_POINT('',(449.5,29.9990379619598,-80.491074931717));
#4873=CARTESIAN_POINT('',(449.5,28.8990379619598,-80.491074931717));
#4874=CARTESIAN_POINT('',(449.5,29.9990379619598,-80.491074931717));
#4875=CARTESIAN_POINT('',(447.,29.9990379619598,-82.991074931717));
#4876=CARTESIAN_POINT('Origin',(447.,29.9990379619598,-80.491074931717));
#4877=CARTESIAN_POINT('',(447.,28.8990379619598,-82.991074931717));
#4878=CARTESIAN_POINT('',(447.,29.9990379619598,-82.991074931717));
#4879=CARTESIAN_POINT('Origin',(447.,28.8990379619598,-80.491074931717));
#4880=CARTESIAN_POINT('Origin',(607.500009052455,29.9990379619598,-56.998074931717));
#4881=CARTESIAN_POINT('',(610.000009052455,29.9990379619598,-56.998074931717));
#4882=CARTESIAN_POINT('Origin',(607.500009052455,29.9990379619598,-56.998074931717));
#4883=CARTESIAN_POINT('',(610.000009052455,28.8990379619598,-56.998074931717));
#4884=CARTESIAN_POINT('',(610.,29.9990379619598,-56.998074931717));
#4885=CARTESIAN_POINT('Origin',(607.500009052455,28.8990379619598,-56.998074931717));
#4886=CARTESIAN_POINT('',(610.,29.9990379619598,-56.998074931717));
#4887=CARTESIAN_POINT('Origin',(607.500009052455,28.8990379619598,-56.998074931717));
#4888=CARTESIAN_POINT('Origin',(447.,29.9990379619598,-80.491074931717));
#4889=CARTESIAN_POINT('Origin',(447.,28.8990379619598,-80.491074931717));
#4890=CARTESIAN_POINT('',(447.,29.9990379619598,-82.991074931717));
#4891=CARTESIAN_POINT('Origin',(447.,29.9990379619598,-80.491074931717));
#4892=CARTESIAN_POINT('Origin',(447.,28.8990379619598,-80.491074931717));
#4893=CARTESIAN_POINT('Origin',(312.5,29.9990379619598,-60.));
#4894=CARTESIAN_POINT('Origin',(312.5,28.8990379619598,-60.));
#4895=CARTESIAN_POINT('',(310.,29.9990379619598,-60.));
#4896=CARTESIAN_POINT('Origin',(312.5,29.9990379619598,-60.));
#4897=CARTESIAN_POINT('Origin',(312.5,28.8990379619598,-60.));
#4898=CARTESIAN_POINT('Origin',(460.,29.9990379619598,-57.991074931717));
#4899=CARTESIAN_POINT('',(310.,29.9990379619599,-32.991074931717));
#4900=CARTESIAN_POINT('',(310.,29.9990379619599,-32.991074931717));
#4901=CARTESIAN_POINT('',(610.,29.9990379619599,-32.991074931717));
#4902=CARTESIAN_POINT('',(610.,29.9990379619599,-32.991074931717));
#4903=CARTESIAN_POINT('',(610.,29.9990379619598,-82.991074931717));
#4904=CARTESIAN_POINT('',(610.,29.9990379619598,-82.991074931717));
#4905=CARTESIAN_POINT('',(610.,29.9990379619598,-82.991074931717));
#4906=CARTESIAN_POINT('',(310.,29.9990379619598,-82.991074931717));
#4907=CARTESIAN_POINT('',(310.,29.9990379619598,-82.991074931717));
#4908=CARTESIAN_POINT('',(310.,29.9990379619598,-82.991074931717));
#4909=CARTESIAN_POINT('',(310.,29.9990379619599,-32.991074931717));
#4910=CARTESIAN_POINT('Origin',(610.,29.9990379619599,-32.991074931717));
#4911=CARTESIAN_POINT('',(310.,25.9990379619599,-32.991074931717));
#4912=CARTESIAN_POINT('',(310.,29.9990379619599,-32.991074931717));
#4913=CARTESIAN_POINT('',(610.,25.9990379619599,-32.991074931717));
#4914=CARTESIAN_POINT('',(610.,25.9990379619599,-32.991074931717));
#4915=CARTESIAN_POINT('',(610.,29.9990379619599,-32.991074931717));
#4916=CARTESIAN_POINT('Origin',(610.,29.9990379619598,-82.991074931717));
#4917=CARTESIAN_POINT('',(610.,25.9990379619598,-82.991074931717));
#4918=CARTESIAN_POINT('',(610.,25.9990379619598,-82.991074931717));
#4919=CARTESIAN_POINT('',(610.,29.9990379619598,-82.991074931717));
#4920=CARTESIAN_POINT('Origin',(310.,29.9990379619598,-82.991074931717));
#4921=CARTESIAN_POINT('',(310.,25.9990379619598,-82.991074931717));
#4922=CARTESIAN_POINT('',(310.,25.9990379619598,-82.991074931717));
#4923=CARTESIAN_POINT('',(310.,29.9990379619598,-82.991074931717));
#4924=CARTESIAN_POINT('Origin',(310.,29.9990379619599,-32.991074931717));
#4925=CARTESIAN_POINT('',(310.,25.9990379619599,-32.991074931717));
#4926=CARTESIAN_POINT('Origin',(460.,25.9990379619598,-57.9910749317169));
#4927=CARTESIAN_POINT('Ctrl Pts',(319.2,29.9990379619599,-28.7623428944062));
#4928=CARTESIAN_POINT('Ctrl Pts',(319.2,29.7277699992707,-28.7623428944062));
#4929=CARTESIAN_POINT('Ctrl Pts',(319.2,29.7277699992707,-28.491074931717));
#4930=CARTESIAN_POINT('Ctrl Pts',(319.2,29.7277699992707,-28.2198069690278));
#4931=CARTESIAN_POINT('Ctrl Pts',(319.2,29.9990379619599,-28.2198069690278));
#4932=CARTESIAN_POINT('Ctrl Pts',(319.2,30.2703059246491,-28.2198069690278));
#4933=CARTESIAN_POINT('Ctrl Pts',(319.2,30.2703059246491,-28.491074931717));
#4934=CARTESIAN_POINT('Ctrl Pts',(319.2,30.2703059246491,-28.7623428944062));
#4935=CARTESIAN_POINT('Ctrl Pts',(319.2,29.9990379619599,-28.7623428944062));
#4936=CARTESIAN_POINT('Ctrl Pts',(319.2,29.9990379619599,-29.8561427715156));
#4937=CARTESIAN_POINT('Ctrl Pts',(319.2,28.6339701221613,-29.8561427715156));
#4938=CARTESIAN_POINT('Ctrl Pts',(319.2,28.6339701221613,-28.491074931717));
#4939=CARTESIAN_POINT('Ctrl Pts',(319.2,28.6339701221613,-27.1260070919184));
#4940=CARTESIAN_POINT('Ctrl Pts',(319.2,29.9990379619599,-27.1260070919184));
#4941=CARTESIAN_POINT('Ctrl Pts',(319.2,31.3641058017585,-27.1260070919184));
#4942=CARTESIAN_POINT('Ctrl Pts',(319.2,31.3641058017585,-28.491074931717));
#4943=CARTESIAN_POINT('Ctrl Pts',(319.2,31.3641058017585,-29.8561427715156));
#4944=CARTESIAN_POINT('Ctrl Pts',(319.2,29.9990379619599,-29.8561427715156));
#4945=CARTESIAN_POINT('Ctrl Pts',(318.138690653839,29.9990379619599,-30.1207569111926));
#4946=CARTESIAN_POINT('Ctrl Pts',(318.138690653839,28.3693559824843,-30.1207569111926));
#4947=CARTESIAN_POINT('Ctrl Pts',(318.138690653839,28.3693559824843,-28.491074931717));
#4948=CARTESIAN_POINT('Ctrl Pts',(318.138690653839,28.3693559824843,-26.8613929522414));
#4949=CARTESIAN_POINT('Ctrl Pts',(318.138690653839,29.9990379619599,-26.8613929522414));
#4950=CARTESIAN_POINT('Ctrl Pts',(318.138690653839,31.6287199414354,-26.8613929522414));
#4951=CARTESIAN_POINT('Ctrl Pts',(318.138690653839,31.6287199414354,-28.491074931717));
#4952=CARTESIAN_POINT('Ctrl Pts',(318.138690653839,31.6287199414354,-30.1207569111926));
#4953=CARTESIAN_POINT('Ctrl Pts',(318.138690653839,29.9990379619599,-30.1207569111926));
#4954=CARTESIAN_POINT('',(319.2,29.9990379619599,-28.7623428944062));
#4955=CARTESIAN_POINT('Origin',(319.2,29.9990379619599,-28.491074931717));
#4956=CARTESIAN_POINT('',(318.138690653839,29.9990379619599,-30.1207569111926));
#4957=CARTESIAN_POINT('Origin',(317.8,29.9990379619599,-28.7623428944062));
#4958=CARTESIAN_POINT('',(318.138690653839,28.3693559824843,-28.491074931717));
#4959=CARTESIAN_POINT('Origin',(318.138690653839,29.9990379619599,-28.491074931717));
#4960=CARTESIAN_POINT('Origin',(318.138690653839,29.9990379619599,-28.491074931717));
#4961=CARTESIAN_POINT('Origin',(315.09676875824,29.9990379619599,-28.491074931717));
#4962=CARTESIAN_POINT('',(315.6,27.7363893119258,-28.491074931717));
#4963=CARTESIAN_POINT('Origin',(315.6,29.9990379619599,-28.491074931717));
#4964=CARTESIAN_POINT('',(315.09676875824,27.6109196714495,-28.491074931717));
#4965=CARTESIAN_POINT('Origin',(319.2,29.9990379619599,-28.491074931717));
#4966=CARTESIAN_POINT('Origin',(315.6,25.9990576100387,-28.5036122458175));
#4967=CARTESIAN_POINT('',(315.6,26.0131228614294,-32.991074931717));
#4968=CARTESIAN_POINT('',(315.6,25.9990576100387,-28.5036122458175));
#4969=CARTESIAN_POINT('',(315.6,26.0131234150659,-32.9912515672587));
#4970=CARTESIAN_POINT('',(320.6,26.0131228614294,-32.991074931717));
#4971=CARTESIAN_POINT('',(315.6,26.0131228614294,-32.991074931717));
#4972=CARTESIAN_POINT('',(320.6,25.9990576100387,-28.5036122458175));
#4973=CARTESIAN_POINT('',(320.6,26.0131234150659,-32.9912515672587));
#4974=CARTESIAN_POINT('',(315.6,25.9990576100387,-28.5036122458175));
#4975=CARTESIAN_POINT('Origin',(315.6,29.9990379619599,-28.491074931717));
#4976=CARTESIAN_POINT('',(315.6,29.998725302497,-32.4910749194975));
#4977=CARTESIAN_POINT('Origin',(315.6,29.9990379619599,-28.491074931717));
#4978=CARTESIAN_POINT('',(320.6,29.998725302497,-32.4910749194975));
#4979=CARTESIAN_POINT('Origin',(320.6,29.9990379619599,-28.491074931717));
#4980=CARTESIAN_POINT('',(315.6,29.998725302497,-32.4910749194975));
#4981=CARTESIAN_POINT('Origin',(315.6,29.9987514156287,-32.991074931717));
#4982=CARTESIAN_POINT('',(315.6,29.9987514156287,-32.991074931717));
#4983=CARTESIAN_POINT('',(315.6,29.9987514248537,-32.9912515672587));
#4984=CARTESIAN_POINT('',(320.6,29.9987514156287,-32.991074931717));
#4985=CARTESIAN_POINT('',(320.6,29.9987514248537,-32.9912515672587));
#4986=CARTESIAN_POINT('',(315.6,29.9987514156287,-32.991074931717));
#4987=CARTESIAN_POINT('Origin',(315.6,26.0131228614294,-32.991074931717));
#4988=CARTESIAN_POINT('',(315.6,29.9990379619599,-32.991074931717));
#4989=CARTESIAN_POINT('',(320.6,29.9990379619599,-32.991074931717));
#4990=CARTESIAN_POINT('Origin',(320.6,29.9990379619599,-28.741074931717));
#4991=CARTESIAN_POINT('Origin',(315.6,29.9990379619599,-28.741074931717));
#4992=CARTESIAN_POINT('',(0.,0.,0.));
#4993=CARTESIAN_POINT('Origin',(312.500000074506,30.,-0.00736783243083188));
#4994=CARTESIAN_POINT('',(310.000000074506,30.,-0.00736783243083158));
#4995=CARTESIAN_POINT('',(310.000000074506,28.9,-0.00736783243083158));
#4996=CARTESIAN_POINT('',(310.,30.,-0.00736783243083188));
#4997=CARTESIAN_POINT('',(315.000000074506,28.9,-0.00736783243083188));
#4998=CARTESIAN_POINT('Origin',(312.500000074506,28.9,-0.00736783243083188));
#4999=CARTESIAN_POINT('',(315.000000074506,30.,-0.00736783243083188));
#5000=CARTESIAN_POINT('',(315.000000074506,30.,-0.00736783243083188));
#5001=CARTESIAN_POINT('Origin',(312.500000074506,30.,-0.00736783243083188));
#5002=CARTESIAN_POINT('Origin',(312.500000074506,30.,-0.00736783243083188));
#5003=CARTESIAN_POINT('',(310.,30.,-0.00736783243083188));
#5004=CARTESIAN_POINT('Origin',(312.500000074506,30.,-0.00736783243083188));
#5005=CARTESIAN_POINT('',(315.000000074506,30.,-0.00736783243083188));
#5006=CARTESIAN_POINT('Origin',(312.500000074506,28.9,-0.00736783243083188));
#5007=CARTESIAN_POINT('Origin',(312.500000074506,28.9,-0.00736783243083183));
#5008=CARTESIAN_POINT('Origin',(472.999993339181,30.,-23.5));
#5009=CARTESIAN_POINT('',(472.999993339181,30.,-21.0000006705523));
#5010=CARTESIAN_POINT('',(472.999993339181,28.9,-21.0000006705523));
#5011=CARTESIAN_POINT('',(472.999993339181,30.,-21.0000006705523));
#5012=CARTESIAN_POINT('',(472.999993339181,28.9,-26.));
#5013=CARTESIAN_POINT('Origin',(472.999993339181,28.9,-23.5));
#5014=CARTESIAN_POINT('',(472.999993339181,30.,-26.));
#5015=CARTESIAN_POINT('',(472.999993339181,30.,-26.));
#5016=CARTESIAN_POINT('Origin',(472.999993339181,30.,-23.5));
#5017=CARTESIAN_POINT('Origin',(472.999993339181,30.,-23.5));
#5018=CARTESIAN_POINT('',(472.999993339181,30.,-21.0000006705523));
#5019=CARTESIAN_POINT('Origin',(472.999993339181,30.,-23.5));
#5020=CARTESIAN_POINT('',(472.999993339181,30.,-26.));
#5021=CARTESIAN_POINT('Origin',(472.999993339181,28.9,-23.5));
#5022=CARTESIAN_POINT('Origin',(472.999993339181,28.9,-23.5));
#5023=CARTESIAN_POINT('Origin',(607.500004395843,30.,0.00892506828303663));
#5024=CARTESIAN_POINT('',(610.,30.,0.00892506828303663));
#5025=CARTESIAN_POINT('',(610.,28.9,0.00892506828303663));
#5026=CARTESIAN_POINT('',(610.,30.,0.00892506828303663));
#5027=CARTESIAN_POINT('',(605.000004395843,28.9,0.00892506828303694));
#5028=CARTESIAN_POINT('Origin',(607.500004395843,28.9,0.00892506828303663));
#5029=CARTESIAN_POINT('',(605.000004395843,30.,0.00892506828303694));
#5030=CARTESIAN_POINT('',(605.000004395843,30.,0.00892506828303663));
#5031=CARTESIAN_POINT('Origin',(607.500004395843,30.,0.00892506828303663));
#5032=CARTESIAN_POINT('Origin',(607.500004395843,30.,0.00892506828303663));
#5033=CARTESIAN_POINT('',(610.,30.,0.00892506828303663));
#5034=CARTESIAN_POINT('Origin',(607.500004395843,30.,0.00892506828303663));
#5035=CARTESIAN_POINT('',(605.000004395843,30.,0.00892506828303663));
#5036=CARTESIAN_POINT('Origin',(607.500004395843,28.9,0.00892506828303663));
#5037=CARTESIAN_POINT('Origin',(607.500004395843,28.9,0.00892506828303663));
#5038=CARTESIAN_POINT('Origin',(610.,30.,24.));
#5039=CARTESIAN_POINT('',(605.000004395843,30.,-21.0000006705523));
#5040=CARTESIAN_POINT('',(607.500002197921,30.,-21.0000006705523));
#5041=CARTESIAN_POINT('',(605.000004395843,30.,21.4999999627471));
#5042=CARTESIAN_POINT('',(610.,30.,-26.));
#5043=CARTESIAN_POINT('',(610.,30.,24.));
#5044=CARTESIAN_POINT('',(610.,30.,-26.));
#5045=CARTESIAN_POINT('Origin',(610.,30.,24.));
#5046=CARTESIAN_POINT('',(310.,30.,24.));
#5047=CARTESIAN_POINT('',(310.,30.,24.));
#5048=CARTESIAN_POINT('',(610.,30.,24.));
#5049=CARTESIAN_POINT('',(610.,30.,24.));
#5050=CARTESIAN_POINT('',(610.,30.,24.));
#5051=CARTESIAN_POINT('',(605.000004395843,30.,18.9999999254942));
#5052=CARTESIAN_POINT('',(605.000004395843,30.,21.4999999627471));
#5053=CARTESIAN_POINT('',(315.000000074506,30.,18.9999999254942));
#5054=CARTESIAN_POINT('',(462.500000037253,30.,18.9999999254942));
#5055=CARTESIAN_POINT('',(315.000000074506,30.,1.49999966472387));
#5056=CARTESIAN_POINT('Origin',(610.,30.,24.));
#5057=CARTESIAN_POINT('',(315.000000074506,30.,-21.0000006705523));
#5058=CARTESIAN_POINT('',(315.000000074506,30.,1.49999966472387));
#5059=CARTESIAN_POINT('',(607.500002197921,30.,-21.0000006705523));
#5060=CARTESIAN_POINT('',(310.,30.,-26.));
#5061=CARTESIAN_POINT('',(610.,30.,-26.));
#5062=CARTESIAN_POINT('',(310.,30.,24.));
#5063=CARTESIAN_POINT('Origin',(579.000004306436,-116.8,1.79999992549419));
#5064=CARTESIAN_POINT('',(579.000004306436,-116.8,-0.200000104308136));
#5065=CARTESIAN_POINT('',(579.000004306436,-116.8,1.79999992549419));
#5066=CARTESIAN_POINT('',(579.000004306436,-116.8,12.8999999627471));
#5067=CARTESIAN_POINT('',(579.000004306436,-112.8,1.79999992549419));
#5068=CARTESIAN_POINT('',(579.000004306436,-116.8,1.79999992549419));
#5069=CARTESIAN_POINT('',(579.000004306436,-112.8,-0.200000104308136));
#5070=CARTESIAN_POINT('',(579.000004306436,-112.8,-0.200000104308136));
#5071=CARTESIAN_POINT('',(579.000004306436,-116.8,-0.200000104308136));
#5072=CARTESIAN_POINT('Origin',(585.000004395843,-116.8,1.79999992549419));
#5073=CARTESIAN_POINT('',(585.000004395843,-116.8,1.79999992549419));
#5074=CARTESIAN_POINT('',(447.500002197921,-116.8,1.7999999254942));
#5075=CARTESIAN_POINT('',(585.000004395843,-112.8,1.79999992549419));
#5076=CARTESIAN_POINT('',(585.000004395843,-116.8,1.79999992549419));
#5077=CARTESIAN_POINT('',(579.000004306436,-112.8,1.79999992549419));
#5078=CARTESIAN_POINT('Origin',(585.000004395843,-116.8,-0.200000104308127));
#5079=CARTESIAN_POINT('',(585.000004395843,-116.8,-0.200000104308127));
#5080=CARTESIAN_POINT('',(585.000004395843,-116.8,11.8999999478459));
#5081=CARTESIAN_POINT('',(585.000004395843,-112.8,-0.200000104308127));
#5082=CARTESIAN_POINT('',(585.000004395843,-116.8,-0.200000104308127));
#5083=CARTESIAN_POINT('',(585.000004395843,-112.8,1.79999992549419));
#5084=CARTESIAN_POINT('Origin',(579.000004306436,-116.8,-0.200000104308136));
#5085=CARTESIAN_POINT('',(444.500002153218,-116.8,-0.200000104308127));
#5086=CARTESIAN_POINT('',(585.000004395843,-112.8,-0.200000104308127));
#5087=CARTESIAN_POINT('Origin',(582.000004351139,-112.8,0.799999910593026));
#5088=CARTESIAN_POINT('Origin',(335.000000074506,-116.8,1.7999999254942));
#5089=CARTESIAN_POINT('',(335.000000074506,-116.8,-0.200000104308127));
#5090=CARTESIAN_POINT('',(335.000000074506,-116.8,1.7999999254942));
#5091=CARTESIAN_POINT('',(335.000000074506,-116.8,12.8999999627471));
#5092=CARTESIAN_POINT('',(335.000000074506,-112.8,1.7999999254942));
#5093=CARTESIAN_POINT('',(335.000000074506,-116.8,1.7999999254942));
#5094=CARTESIAN_POINT('',(335.000000074506,-112.8,-0.200000104308127));
#5095=CARTESIAN_POINT('',(335.000000074506,-112.8,-0.200000104308127));
#5096=CARTESIAN_POINT('',(335.000000074506,-116.8,-0.200000104308127));
#5097=CARTESIAN_POINT('Origin',(341.000000163913,-116.8,1.7999999254942));
#5098=CARTESIAN_POINT('',(341.000000163913,-116.8,1.7999999254942));
#5099=CARTESIAN_POINT('',(325.500000081956,-116.8,1.79999992549419));
#5100=CARTESIAN_POINT('',(341.000000163913,-112.8,1.7999999254942));
#5101=CARTESIAN_POINT('',(341.000000163913,-116.8,1.7999999254942));
#5102=CARTESIAN_POINT('',(335.000000074506,-112.8,1.7999999254942));
#5103=CARTESIAN_POINT('Origin',(341.000000163913,-116.8,-0.200000104308127));
#5104=CARTESIAN_POINT('',(341.000000163913,-116.8,-0.200000104308127));
#5105=CARTESIAN_POINT('',(341.000000163913,-116.8,11.8999999478459));
#5106=CARTESIAN_POINT('',(341.000000163913,-112.8,-0.200000104308127));
#5107=CARTESIAN_POINT('',(341.000000163913,-116.8,-0.200000104308127));
#5108=CARTESIAN_POINT('',(341.000000163913,-112.8,1.7999999254942));
#5109=CARTESIAN_POINT('Origin',(335.000000074506,-116.8,-0.200000104308127));
#5110=CARTESIAN_POINT('',(322.500000037253,-116.8,-0.200000104308136));
#5111=CARTESIAN_POINT('',(341.000000163913,-112.8,-0.200000104308127));
#5112=CARTESIAN_POINT('Origin',(338.000000119209,-112.8,0.799999910593034));
#5113=CARTESIAN_POINT('Origin',(579.000004306436,-116.8,-1.90000010430813));
#5114=CARTESIAN_POINT('',(579.000004306436,-116.8,-3.90000013411046));
#5115=CARTESIAN_POINT('',(579.000004306436,-116.8,-1.90000010430813));
#5116=CARTESIAN_POINT('',(579.000004306436,-116.8,11.0499999478459));
#5117=CARTESIAN_POINT('',(579.000004306436,-112.8,-1.90000010430813));
#5118=CARTESIAN_POINT('',(579.000004306436,-116.8,-1.90000010430813));
#5119=CARTESIAN_POINT('',(579.000004306436,-112.8,-3.90000013411046));
#5120=CARTESIAN_POINT('',(579.000004306436,-112.8,-3.90000013411046));
#5121=CARTESIAN_POINT('',(579.000004306436,-116.8,-3.90000013411046));
#5122=CARTESIAN_POINT('Origin',(585.000004395843,-116.8,-1.90000010430813));
#5123=CARTESIAN_POINT('',(585.000004395843,-116.8,-1.90000010430813));
#5124=CARTESIAN_POINT('',(447.500002197921,-116.8,-1.90000010430813));
#5125=CARTESIAN_POINT('',(585.000004395843,-112.8,-1.90000010430813));
#5126=CARTESIAN_POINT('',(585.000004395843,-116.8,-1.90000010430813));
#5127=CARTESIAN_POINT('',(579.000004306436,-112.8,-1.90000010430813));
#5128=CARTESIAN_POINT('Origin',(585.000004395843,-116.8,-3.90000013411045));
#5129=CARTESIAN_POINT('',(585.000004395843,-116.8,-3.90000013411045));
#5130=CARTESIAN_POINT('',(585.000004395843,-116.8,10.0499999329448));
#5131=CARTESIAN_POINT('',(585.000004395843,-112.8,-3.90000013411045));
#5132=CARTESIAN_POINT('',(585.000004395843,-116.8,-3.90000013411045));
#5133=CARTESIAN_POINT('',(585.000004395843,-112.8,-1.90000010430813));
#5134=CARTESIAN_POINT('Origin',(579.000004306436,-116.8,-3.90000013411046));
#5135=CARTESIAN_POINT('',(444.500002153218,-116.8,-3.90000013411045));
#5136=CARTESIAN_POINT('',(585.000004395843,-112.8,-3.90000013411045));
#5137=CARTESIAN_POINT('Origin',(582.000004351139,-112.8,-2.9000001192093));
#5138=CARTESIAN_POINT('Origin',(335.000000074506,-116.8,-1.90000010430813));
#5139=CARTESIAN_POINT('',(335.000000074506,-116.8,-3.90000013411046));
#5140=CARTESIAN_POINT('',(335.000000074506,-116.8,-1.90000010430813));
#5141=CARTESIAN_POINT('',(335.000000074506,-116.8,11.0499999478459));
#5142=CARTESIAN_POINT('',(335.000000074506,-112.8,-1.90000010430813));
#5143=CARTESIAN_POINT('',(335.000000074506,-116.8,-1.90000010430813));
#5144=CARTESIAN_POINT('',(335.000000074506,-112.8,-3.90000013411046));
#5145=CARTESIAN_POINT('',(335.000000074506,-112.8,-3.90000013411046));
#5146=CARTESIAN_POINT('',(335.000000074506,-116.8,-3.90000013411046));
#5147=CARTESIAN_POINT('Origin',(341.000000163913,-116.8,-1.90000010430813));
#5148=CARTESIAN_POINT('',(341.000000163913,-116.8,-1.90000010430813));
#5149=CARTESIAN_POINT('',(325.500000081956,-116.8,-1.90000010430813));
#5150=CARTESIAN_POINT('',(341.000000163913,-112.8,-1.90000010430813));
#5151=CARTESIAN_POINT('',(341.000000163913,-116.8,-1.90000010430813));
#5152=CARTESIAN_POINT('',(335.000000074506,-112.8,-1.90000010430813));
#5153=CARTESIAN_POINT('Origin',(341.000000163913,-116.8,-3.90000013411046));
#5154=CARTESIAN_POINT('',(341.000000163913,-116.8,-3.90000013411046));
#5155=CARTESIAN_POINT('',(341.000000163913,-116.8,10.0499999329448));
#5156=CARTESIAN_POINT('',(341.000000163913,-112.8,-3.90000013411046));
#5157=CARTESIAN_POINT('',(341.000000163913,-116.8,-3.90000013411046));
#5158=CARTESIAN_POINT('',(341.000000163913,-112.8,-1.90000010430813));
#5159=CARTESIAN_POINT('Origin',(335.000000074506,-116.8,-3.90000013411046));
#5160=CARTESIAN_POINT('',(322.500000037253,-116.8,-3.90000013411045));
#5161=CARTESIAN_POINT('',(341.000000163913,-112.8,-3.90000013411046));
#5162=CARTESIAN_POINT('Origin',(338.000000119209,-112.8,-2.9000001192093));
#5163=CARTESIAN_POINT('Origin',(605.000004395843,30.,18.9999999254942));
#5164=CARTESIAN_POINT('',(605.000004395843,26.8,-21.0000006705523));
#5165=CARTESIAN_POINT('',(605.000004395843,30.,-21.0000006705523));
#5166=CARTESIAN_POINT('',(605.000004395843,26.8,18.9999999254942));
#5167=CARTESIAN_POINT('',(605.000004395843,26.8,21.4999999627471));
#5168=CARTESIAN_POINT('',(605.000004395843,30.,18.9999999254942));
#5169=CARTESIAN_POINT('Origin',(315.000000074506,30.,18.9999999254942));
#5170=CARTESIAN_POINT('',(315.000000074506,26.8,18.9999999254942));
#5171=CARTESIAN_POINT('',(462.500000037253,26.8,18.9999999254942));
#5172=CARTESIAN_POINT('',(315.000000074506,30.,18.9999999254942));
#5173=CARTESIAN_POINT('Origin',(315.000000074506,30.,-21.0000006705523));
#5174=CARTESIAN_POINT('',(315.000000074506,26.8,-21.0000006705523));
#5175=CARTESIAN_POINT('',(315.000000074506,26.8,1.49999966472387));
#5176=CARTESIAN_POINT('',(315.000000074506,30.,-21.0000006705523));
#5177=CARTESIAN_POINT('Origin',(605.000004395843,30.,-21.0000006705523));
#5178=CARTESIAN_POINT('',(607.500002197921,26.8,-21.0000006705523));
#5179=CARTESIAN_POINT('Origin',(610.,26.8,24.));
#5180=CARTESIAN_POINT('',(606.8,26.8,20.8));
#5181=CARTESIAN_POINT('',(313.2,26.8,20.8));
#5182=CARTESIAN_POINT('',(535.,26.8,20.8));
#5183=CARTESIAN_POINT('',(313.2,26.8,-26.));
#5184=CARTESIAN_POINT('',(313.2,26.8,24.));
#5185=CARTESIAN_POINT('',(606.8,26.8,-26.));
#5186=CARTESIAN_POINT('',(535.,26.8,-26.));
#5187=CARTESIAN_POINT('',(606.8,26.8,24.));
#5188=CARTESIAN_POINT('Origin',(606.8,-120.,24.));
#5189=CARTESIAN_POINT('',(606.8,-116.8,20.8));
#5190=CARTESIAN_POINT('',(606.8,-82.5,20.8));
#5191=CARTESIAN_POINT('',(606.8,-116.8,-26.));
#5192=CARTESIAN_POINT('',(606.8,-82.5,-26.));
#5193=CARTESIAN_POINT('',(606.8,-116.8,24.));
#5194=CARTESIAN_POINT('Origin',(310.,-116.8,24.));
#5195=CARTESIAN_POINT('',(313.2,-116.8,20.8));
#5196=CARTESIAN_POINT('',(385.,-116.8,20.8));
#5197=CARTESIAN_POINT('',(313.2,-116.8,-26.));
#5198=CARTESIAN_POINT('',(385.,-116.8,-26.));
#5199=CARTESIAN_POINT('',(313.2,-116.8,24.));
#5200=CARTESIAN_POINT('Origin',(313.2,30.,24.));
#5201=CARTESIAN_POINT('',(313.2,-7.5,20.8));
#5202=CARTESIAN_POINT('',(313.2,-7.5,-26.));
#5203=CARTESIAN_POINT('Origin',(460.,-45.,20.8));
#5204=CARTESIAN_POINT('Origin',(610.,-120.,24.));
#5205=CARTESIAN_POINT('',(610.,-120.,24.));
#5206=CARTESIAN_POINT('',(610.,-120.,24.));
#5207=CARTESIAN_POINT('',(610.,-120.,-26.));
#5208=CARTESIAN_POINT('',(610.,-120.,24.));
#5209=CARTESIAN_POINT('',(610.,-120.,-26.));
#5210=CARTESIAN_POINT('Origin',(310.,-120.,24.));
#5211=CARTESIAN_POINT('',(310.,-120.,24.));
#5212=CARTESIAN_POINT('',(310.,-120.,24.));
#5213=CARTESIAN_POINT('',(310.,-120.,-26.));
#5214=CARTESIAN_POINT('',(310.,-120.,24.));
#5215=CARTESIAN_POINT('',(310.,-120.,-26.));
#5216=CARTESIAN_POINT('Origin',(310.,30.,24.));
#5217=CARTESIAN_POINT('',(310.,30.,24.));
#5218=CARTESIAN_POINT('',(310.,30.,-26.));
#5219=CARTESIAN_POINT('Origin',(460.,-45.,-26.));
#5220=CARTESIAN_POINT('Origin',(460.,-45.,24.));
#5221=CARTESIAN_POINT('Ctrl Pts',(318.8,30.,28.7712679626892));
#5222=CARTESIAN_POINT('Ctrl Pts',(318.8,29.7287320373108,28.7712679626892));
#5223=CARTESIAN_POINT('Ctrl Pts',(318.8,29.7287320373108,28.5));
#5224=CARTESIAN_POINT('Ctrl Pts',(318.8,29.7287320373108,28.2287320373108));
#5225=CARTESIAN_POINT('Ctrl Pts',(318.8,30.,28.2287320373108));
#5226=CARTESIAN_POINT('Ctrl Pts',(318.8,30.2712679626892,28.2287320373108));
#5227=CARTESIAN_POINT('Ctrl Pts',(318.8,30.2712679626892,28.5));
#5228=CARTESIAN_POINT('Ctrl Pts',(318.8,30.2712679626892,28.7712679626892));
#5229=CARTESIAN_POINT('Ctrl Pts',(318.8,30.,28.7712679626892));
#5230=CARTESIAN_POINT('Ctrl Pts',(318.8,30.,29.5525535891959));
#5231=CARTESIAN_POINT('Ctrl Pts',(318.8,28.9474464108041,29.5525535891959));
#5232=CARTESIAN_POINT('Ctrl Pts',(318.8,28.9474464108041,28.5));
#5233=CARTESIAN_POINT('Ctrl Pts',(318.8,28.9474464108041,27.4474464108041));
#5234=CARTESIAN_POINT('Ctrl Pts',(318.8,30.,27.4474464108041));
#5235=CARTESIAN_POINT('Ctrl Pts',(318.8,31.0525535891959,27.4474464108041));
#5236=CARTESIAN_POINT('Ctrl Pts',(318.8,31.0525535891959,28.5));
#5237=CARTESIAN_POINT('Ctrl Pts',(318.8,31.0525535891959,29.5525535891959));
#5238=CARTESIAN_POINT('Ctrl Pts',(318.8,30.,29.5525535891959));
#5239=CARTESIAN_POINT('Ctrl Pts',(318.0419218956,30.,29.7415636889652));
#5240=CARTESIAN_POINT('Ctrl Pts',(318.0419218956,28.7584363110348,29.7415636889652));
#5241=CARTESIAN_POINT('Ctrl Pts',(318.0419218956,28.7584363110348,28.5));
#5242=CARTESIAN_POINT('Ctrl Pts',(318.0419218956,28.7584363110348,27.2584363110348));
#5243=CARTESIAN_POINT('Ctrl Pts',(318.0419218956,30.,27.2584363110348));
#5244=CARTESIAN_POINT('Ctrl Pts',(318.0419218956,31.2415636889652,27.2584363110348));
#5245=CARTESIAN_POINT('Ctrl Pts',(318.0419218956,31.2415636889652,28.5));
#5246=CARTESIAN_POINT('Ctrl Pts',(318.0419218956,31.2415636889652,29.7415636889652));
#5247=CARTESIAN_POINT('Ctrl Pts',(318.0419218956,30.,29.7415636889652));
#5248=CARTESIAN_POINT('',(318.0419218956,28.7584363110348,28.5));
#5249=CARTESIAN_POINT('',(318.0419218956,30.,29.7415636889652));
#5250=CARTESIAN_POINT('Origin',(318.0419218956,30.,28.5));
#5251=CARTESIAN_POINT('Origin',(318.0419218956,30.,28.5));
#5252=CARTESIAN_POINT('',(318.8,30.,28.7712679626892));
#5253=CARTESIAN_POINT('Origin',(317.8,30.,28.7712679626892));
#5254=CARTESIAN_POINT('Origin',(318.8,30.,28.5));
#5255=CARTESIAN_POINT('Origin',(315.,30.,28.5));
#5256=CARTESIAN_POINT('',(315.,28.,28.5));
#5257=CARTESIAN_POINT('',(315.,28.,28.5));
#5258=CARTESIAN_POINT('Origin',(315.,30.,28.5));
#5259=CARTESIAN_POINT('Origin',(318.8,30.,28.5));
#5260=CARTESIAN_POINT('Origin',(310.,30.,28.5));
#5261=CARTESIAN_POINT('',(310.,30.,24.5));
#5262=CARTESIAN_POINT('',(310.,27.4967164856074,31.6198672482287));
#5263=CARTESIAN_POINT('Origin',(310.,30.,28.5));
#5264=CARTESIAN_POINT('',(315.,27.4967164856074,31.6198672482287));
#5265=CARTESIAN_POINT('',(310.,27.4967164856074,31.6198672482287));
#5266=CARTESIAN_POINT('',(315.,30.,24.5));
#5267=CARTESIAN_POINT('Origin',(315.,30.,28.5));
#5268=CARTESIAN_POINT('',(310.,30.,24.5));
#5269=CARTESIAN_POINT('Origin',(310.,18.0000002682209,24.0000003576279));
#5270=CARTESIAN_POINT('',(310.,18.0000002682209,24.0000003576279));
#5271=CARTESIAN_POINT('',(310.,18.0000002682209,24.0000003576279));
#5272=CARTESIAN_POINT('',(315.,18.0000002682209,24.0000003576279));
#5273=CARTESIAN_POINT('',(310.,18.0000002682209,24.0000003576279));
#5274=CARTESIAN_POINT('',(315.,18.0000002682209,24.0000003576279));
#5275=CARTESIAN_POINT('Origin',(310.,30.,24.));
#5276=CARTESIAN_POINT('',(310.,30.,24.));
#5277=CARTESIAN_POINT('',(310.,30.,24.));
#5278=CARTESIAN_POINT('',(315.,30.,24.));
#5279=CARTESIAN_POINT('',(310.,30.,24.));
#5280=CARTESIAN_POINT('',(315.,30.,24.));
#5281=CARTESIAN_POINT('Origin',(310.,30.,24.5));
#5282=CARTESIAN_POINT('',(310.,30.,24.));
#5283=CARTESIAN_POINT('',(315.,30.,24.));
#5284=CARTESIAN_POINT('Origin',(310.,26.0000001341105,28.25));
#5285=CARTESIAN_POINT('Origin',(315.,26.0000001341105,28.25));
#5286=CARTESIAN_POINT('',(0.,0.,0.));
#5287=CARTESIAN_POINT('Origin',(607.5,29.9990379619598,60.));
#5288=CARTESIAN_POINT('',(605.,29.9990379619598,60.));
#5289=CARTESIAN_POINT('',(605.,28.8990379619598,60.));
#5290=CARTESIAN_POINT('',(605.,29.9990379619598,60.));
#5291=CARTESIAN_POINT('',(610.,29.9990379619598,60.));
#5292=CARTESIAN_POINT('Origin',(607.5,29.9990379619598,60.));
#5293=CARTESIAN_POINT('',(610.,28.8990379619598,60.));
#5294=CARTESIAN_POINT('',(610.,29.9990379619598,60.));
#5295=CARTESIAN_POINT('Origin',(607.5,28.8990379619598,60.));
#5296=CARTESIAN_POINT('Origin',(473.,29.9990379619598,80.491074931717));
#5297=CARTESIAN_POINT('',(470.5,29.9990379619598,80.491074931717));
#5298=CARTESIAN_POINT('',(470.5,28.8990379619598,80.491074931717));
#5299=CARTESIAN_POINT('',(470.5,29.9990379619598,80.491074931717));
#5300=CARTESIAN_POINT('',(473.,29.9990379619598,82.991074931717));
#5301=CARTESIAN_POINT('Origin',(473.,29.9990379619598,80.491074931717));
#5302=CARTESIAN_POINT('',(473.,28.8990379619598,82.991074931717));
#5303=CARTESIAN_POINT('',(473.,29.9990379619598,82.991074931717));
#5304=CARTESIAN_POINT('Origin',(473.,28.8990379619598,80.491074931717));
#5305=CARTESIAN_POINT('Origin',(312.499990947545,29.9990379619598,56.998074931717));
#5306=CARTESIAN_POINT('',(309.999990947545,29.9990379619598,56.998074931717));
#5307=CARTESIAN_POINT('Origin',(312.499990947545,29.9990379619598,56.998074931717));
#5308=CARTESIAN_POINT('',(309.999990947545,28.8990379619598,56.998074931717));
#5309=CARTESIAN_POINT('',(310.,29.9990379619598,56.998074931717));
#5310=CARTESIAN_POINT('Origin',(312.499990947545,28.8990379619598,56.998074931717));
#5311=CARTESIAN_POINT('',(310.,29.9990379619598,56.998074931717));
#5312=CARTESIAN_POINT('Origin',(312.499990947545,28.8990379619598,56.998074931717));
#5313=CARTESIAN_POINT('Origin',(473.,29.9990379619598,80.491074931717));
#5314=CARTESIAN_POINT('Origin',(473.,28.8990379619598,80.491074931717));
#5315=CARTESIAN_POINT('',(473.,29.9990379619598,82.991074931717));
#5316=CARTESIAN_POINT('Origin',(473.,29.9990379619598,80.491074931717));
#5317=CARTESIAN_POINT('Origin',(473.,28.8990379619598,80.491074931717));
#5318=CARTESIAN_POINT('Origin',(607.5,29.9990379619598,60.));
#5319=CARTESIAN_POINT('Origin',(607.5,28.8990379619598,60.));
#5320=CARTESIAN_POINT('',(610.,29.9990379619598,60.));
#5321=CARTESIAN_POINT('Origin',(607.5,29.9990379619598,60.));
#5322=CARTESIAN_POINT('Origin',(607.5,28.8990379619598,60.));
#5323=CARTESIAN_POINT('Origin',(460.,29.9990379619598,57.991074931717));
#5324=CARTESIAN_POINT('',(310.,29.9990379619599,32.991074931717));
#5325=CARTESIAN_POINT('',(310.,29.9990379619599,32.991074931717));
#5326=CARTESIAN_POINT('',(310.,29.9990379619598,82.991074931717));
#5327=CARTESIAN_POINT('',(310.,29.9990379619599,32.991074931717));
#5328=CARTESIAN_POINT('',(310.,29.9990379619598,82.991074931717));
#5329=CARTESIAN_POINT('',(610.,29.9990379619598,82.991074931717));
#5330=CARTESIAN_POINT('',(310.,29.9990379619598,82.991074931717));
#5331=CARTESIAN_POINT('',(610.,29.9990379619598,82.991074931717));
#5332=CARTESIAN_POINT('',(610.,29.9990379619599,32.991074931717));
#5333=CARTESIAN_POINT('',(610.,29.9990379619598,82.991074931717));
#5334=CARTESIAN_POINT('',(610.,29.9990379619599,32.991074931717));
#5335=CARTESIAN_POINT('Origin',(610.,29.9990379619599,32.991074931717));
#5336=CARTESIAN_POINT('',(610.,25.9990379619599,32.991074931717));
#5337=CARTESIAN_POINT('',(610.,29.9990379619599,32.991074931717));
#5338=CARTESIAN_POINT('',(310.,25.9990379619599,32.991074931717));
#5339=CARTESIAN_POINT('',(610.,25.9990379619599,32.991074931717));
#5340=CARTESIAN_POINT('',(310.,29.9990379619599,32.991074931717));
#5341=CARTESIAN_POINT('Origin',(610.,29.9990379619598,82.991074931717));
#5342=CARTESIAN_POINT('',(610.,25.9990379619598,82.991074931717));
#5343=CARTESIAN_POINT('',(610.,29.9990379619598,82.991074931717));
#5344=CARTESIAN_POINT('',(610.,25.9990379619598,82.991074931717));
#5345=CARTESIAN_POINT('Origin',(310.,29.9990379619598,82.991074931717));
#5346=CARTESIAN_POINT('',(310.,25.9990379619598,82.991074931717));
#5347=CARTESIAN_POINT('',(310.,29.9990379619598,82.991074931717));
#5348=CARTESIAN_POINT('',(310.,25.9990379619598,82.991074931717));
#5349=CARTESIAN_POINT('Origin',(310.,29.9990379619599,32.991074931717));
#5350=CARTESIAN_POINT('',(310.,25.9990379619599,32.991074931717));
#5351=CARTESIAN_POINT('Origin',(460.,25.9990379619598,57.9910749317169));
#5352=CARTESIAN_POINT('Ctrl Pts',(319.2,29.9990379619599,28.7623428944062));
#5353=CARTESIAN_POINT('Ctrl Pts',(319.2,29.7277699992707,28.7623428944062));
#5354=CARTESIAN_POINT('Ctrl Pts',(319.2,29.7277699992707,28.491074931717));
#5355=CARTESIAN_POINT('Ctrl Pts',(319.2,29.7277699992707,28.2198069690278));
#5356=CARTESIAN_POINT('Ctrl Pts',(319.2,29.9990379619599,28.2198069690278));
#5357=CARTESIAN_POINT('Ctrl Pts',(319.2,30.2703059246491,28.2198069690278));
#5358=CARTESIAN_POINT('Ctrl Pts',(319.2,30.2703059246491,28.491074931717));
#5359=CARTESIAN_POINT('Ctrl Pts',(319.2,30.2703059246491,28.7623428944062));
#5360=CARTESIAN_POINT('Ctrl Pts',(319.2,29.9990379619599,28.7623428944062));
#5361=CARTESIAN_POINT('Ctrl Pts',(319.2,29.9990379619599,29.8561427715156));
#5362=CARTESIAN_POINT('Ctrl Pts',(319.2,28.6339701221613,29.8561427715156));
#5363=CARTESIAN_POINT('Ctrl Pts',(319.2,28.6339701221613,28.491074931717));
#5364=CARTESIAN_POINT('Ctrl Pts',(319.2,28.6339701221613,27.1260070919184));
#5365=CARTESIAN_POINT('Ctrl Pts',(319.2,29.9990379619599,27.1260070919184));
#5366=CARTESIAN_POINT('Ctrl Pts',(319.2,31.3641058017585,27.1260070919184));
#5367=CARTESIAN_POINT('Ctrl Pts',(319.2,31.3641058017585,28.491074931717));
#5368=CARTESIAN_POINT('Ctrl Pts',(319.2,31.3641058017585,29.8561427715156));
#5369=CARTESIAN_POINT('Ctrl Pts',(319.2,29.9990379619599,29.8561427715156));
#5370=CARTESIAN_POINT('Ctrl Pts',(318.138690653839,29.9990379619599,30.1207569111926));
#5371=CARTESIAN_POINT('Ctrl Pts',(318.138690653839,28.3693559824843,30.1207569111926));
#5372=CARTESIAN_POINT('Ctrl Pts',(318.138690653839,28.3693559824843,28.491074931717));
#5373=CARTESIAN_POINT('Ctrl Pts',(318.138690653839,28.3693559824843,26.8613929522414));
#5374=CARTESIAN_POINT('Ctrl Pts',(318.138690653839,29.9990379619599,26.8613929522414));
#5375=CARTESIAN_POINT('Ctrl Pts',(318.138690653839,31.6287199414354,26.8613929522414));
#5376=CARTESIAN_POINT('Ctrl Pts',(318.138690653839,31.6287199414354,28.491074931717));
#5377=CARTESIAN_POINT('Ctrl Pts',(318.138690653839,31.6287199414354,30.1207569111926));
#5378=CARTESIAN_POINT('Ctrl Pts',(318.138690653839,29.9990379619599,30.1207569111926));
#5379=CARTESIAN_POINT('',(319.2,29.9990379619599,28.7623428944062));
#5380=CARTESIAN_POINT('Origin',(319.2,29.9990379619599,28.491074931717));
#5381=CARTESIAN_POINT('',(318.138690653839,29.9990379619599,30.1207569111926));
#5382=CARTESIAN_POINT('Origin',(317.8,29.9990379619599,28.7623428944062));
#5383=CARTESIAN_POINT('',(318.138690653839,28.3693559824843,28.491074931717));
#5384=CARTESIAN_POINT('Origin',(318.138690653839,29.9990379619599,28.491074931717));
#5385=CARTESIAN_POINT('Origin',(318.138690653839,29.9990379619599,28.491074931717));
#5386=CARTESIAN_POINT('Origin',(315.09676875824,29.9990379619599,28.491074931717));
#5387=CARTESIAN_POINT('',(315.6,27.7363893119258,28.491074931717));
#5388=CARTESIAN_POINT('Origin',(315.6,29.9990379619599,28.491074931717));
#5389=CARTESIAN_POINT('',(315.09676875824,27.6109196714495,28.491074931717));
#5390=CARTESIAN_POINT('Origin',(319.2,29.9990379619599,28.491074931717));
#5391=CARTESIAN_POINT('Origin',(315.6,25.9990576100387,28.5036122458175));
#5392=CARTESIAN_POINT('',(315.6,26.0131228614294,32.991074931717));
#5393=CARTESIAN_POINT('',(315.6,25.9990576100387,28.5036122458175));
#5394=CARTESIAN_POINT('',(315.6,26.0131234150659,32.9912515672587));
#5395=CARTESIAN_POINT('',(320.6,25.9990576100387,28.5036122458175));
#5396=CARTESIAN_POINT('',(315.6,25.9990576100387,28.5036122458175));
#5397=CARTESIAN_POINT('',(320.6,26.0131228614294,32.991074931717));
#5398=CARTESIAN_POINT('',(320.6,26.0131234150659,32.9912515672587));
#5399=CARTESIAN_POINT('',(315.6,26.0131228614294,32.991074931717));
#5400=CARTESIAN_POINT('Origin',(315.6,29.9990379619599,28.491074931717));
#5401=CARTESIAN_POINT('',(315.6,29.998725302497,32.4910749194975));
#5402=CARTESIAN_POINT('Origin',(315.6,29.9990379619599,28.491074931717));
#5403=CARTESIAN_POINT('',(320.6,29.998725302497,32.4910749194975));
#5404=CARTESIAN_POINT('',(315.6,29.998725302497,32.4910749194975));
#5405=CARTESIAN_POINT('Origin',(320.6,29.9990379619599,28.491074931717));
#5406=CARTESIAN_POINT('Origin',(315.6,29.9987514156287,32.991074931717));
#5407=CARTESIAN_POINT('',(315.6,29.9987514156287,32.991074931717));
#5408=CARTESIAN_POINT('',(315.6,29.9987514248537,32.9912515672587));
#5409=CARTESIAN_POINT('',(320.6,29.9987514156287,32.991074931717));
#5410=CARTESIAN_POINT('',(315.6,29.9987514156287,32.991074931717));
#5411=CARTESIAN_POINT('',(320.6,29.9987514248537,32.9912515672587));
#5412=CARTESIAN_POINT('Origin',(315.6,26.0131228614294,32.991074931717));
#5413=CARTESIAN_POINT('',(315.6,29.9990379619599,32.991074931717));
#5414=CARTESIAN_POINT('',(320.6,29.9990379619599,32.991074931717));
#5415=CARTESIAN_POINT('Origin',(320.6,29.9990379619599,28.741074931717));
#5416=CARTESIAN_POINT('Origin',(315.6,29.9990379619599,28.741074931717));
#5417=CARTESIAN_POINT('',(0.,0.,0.));
#5418=CARTESIAN_POINT('Origin',(313.2,26.7990379619599,23.9714050542319));
#5419=CARTESIAN_POINT('',(313.2,26.7990379619599,23.9714050542319));
#5420=CARTESIAN_POINT('',(606.8,26.7990379619599,23.9714050542319));
#5421=CARTESIAN_POINT('',(313.2,26.7990379619599,23.9714050542319));
#5422=CARTESIAN_POINT('',(606.8,22.7990379619599,23.9714050542319));
#5423=CARTESIAN_POINT('',(606.8,26.7990379619599,23.9714050542319));
#5424=CARTESIAN_POINT('',(313.2,22.7990379619599,23.9714050542319));
#5425=CARTESIAN_POINT('',(313.2,22.7990379619599,23.9714050542319));
#5426=CARTESIAN_POINT('',(313.2,26.7990379619599,23.9714050542319));
#5427=CARTESIAN_POINT('Origin',(313.2,26.7990379619599,26.008925068283));
#5428=CARTESIAN_POINT('',(313.2,26.7990379619599,26.008925068283));
#5429=CARTESIAN_POINT('',(313.2,26.7990379619599,26.008925068283));
#5430=CARTESIAN_POINT('',(313.2,22.7990379619599,26.008925068283));
#5431=CARTESIAN_POINT('',(313.2,22.7990379619599,26.008925068283));
#5432=CARTESIAN_POINT('',(313.2,26.7990379619599,26.008925068283));
#5433=CARTESIAN_POINT('Origin',(606.8,26.7990379619599,26.008925068283));
#5434=CARTESIAN_POINT('',(606.8,26.7990379619599,26.008925068283));
#5435=CARTESIAN_POINT('',(606.8,26.7990379619599,26.008925068283));
#5436=CARTESIAN_POINT('',(606.8,22.7990379619599,26.008925068283));
#5437=CARTESIAN_POINT('',(606.8,22.7990379619599,26.008925068283));
#5438=CARTESIAN_POINT('',(606.8,26.7990379619599,26.008925068283));
#5439=CARTESIAN_POINT('Origin',(606.8,26.7990379619599,23.9714050542319));
#5440=CARTESIAN_POINT('',(606.8,26.7990379619599,23.9714050542319));
#5441=CARTESIAN_POINT('',(606.8,22.7990379619599,23.9714050542319));
#5442=CARTESIAN_POINT('Origin',(460.,22.7990379619599,24.9901650612575));
#5443=CARTESIAN_POINT('Origin',(460.,26.7990379619599,24.9901650612575));
#5444=CARTESIAN_POINT('Origin',(606.8,-116.80096203804,24.0047891501726));
#5445=CARTESIAN_POINT('',(606.8,-116.80096203804,24.0047891501726));
#5446=CARTESIAN_POINT('',(313.2,-116.80096203804,24.0047891501726));
#5447=CARTESIAN_POINT('',(606.8,-116.80096203804,24.0047891501726));
#5448=CARTESIAN_POINT('',(313.2,-112.80096203804,24.0047891501726));
#5449=CARTESIAN_POINT('',(313.2,-116.80096203804,24.0047891501726));
#5450=CARTESIAN_POINT('',(606.8,-112.80096203804,24.0047891501726));
#5451=CARTESIAN_POINT('',(606.8,-112.80096203804,24.0047891501726));
#5452=CARTESIAN_POINT('',(606.8,-116.80096203804,24.0047891501726));
#5453=CARTESIAN_POINT('Origin',(606.8,-116.80096203804,26.0089250682831));
#5454=CARTESIAN_POINT('',(606.8,-116.80096203804,26.0089250682831));
#5455=CARTESIAN_POINT('',(606.8,-116.80096203804,26.0089250682831));
#5456=CARTESIAN_POINT('',(606.8,-112.80096203804,26.0089250682831));
#5457=CARTESIAN_POINT('',(606.8,-112.80096203804,26.0089250682831));
#5458=CARTESIAN_POINT('',(606.8,-116.80096203804,26.0089250682831));
#5459=CARTESIAN_POINT('Origin',(313.2,-116.80096203804,26.0089250682831));
#5460=CARTESIAN_POINT('',(313.2,-116.80096203804,26.0089250682831));
#5461=CARTESIAN_POINT('',(313.2,-116.80096203804,26.0089250682831));
#5462=CARTESIAN_POINT('',(313.2,-112.80096203804,26.0089250682831));
#5463=CARTESIAN_POINT('',(313.2,-112.80096203804,26.0089250682831));
#5464=CARTESIAN_POINT('',(313.2,-116.80096203804,26.0089250682831));
#5465=CARTESIAN_POINT('Origin',(313.2,-116.80096203804,24.0047891501726));
#5466=CARTESIAN_POINT('',(313.2,-116.80096203804,24.0047891501726));
#5467=CARTESIAN_POINT('',(313.2,-112.80096203804,24.0047891501726));
#5468=CARTESIAN_POINT('Origin',(460.,-112.80096203804,25.0068571092278));
#5469=CARTESIAN_POINT('Origin',(460.,-116.80096203804,25.0068571092278));
#5470=CARTESIAN_POINT('Origin',(313.2,-116.80096203804,24.0051635668722));
#5471=CARTESIAN_POINT('',(313.2,-116.80096203804,24.0051635668722));
#5472=CARTESIAN_POINT('',(313.2,26.7990379619599,24.0051635668722));
#5473=CARTESIAN_POINT('',(313.2,-116.80096203804,24.0051635668722));
#5474=CARTESIAN_POINT('',(317.2,26.7990379619599,24.0051635668722));
#5475=CARTESIAN_POINT('',(313.2,26.7990379619599,24.0051635668722));
#5476=CARTESIAN_POINT('',(317.2,-116.80096203804,24.0051635668722));
#5477=CARTESIAN_POINT('',(317.2,-116.80096203804,24.0051635668722));
#5478=CARTESIAN_POINT('',(313.2,-116.80096203804,24.0051635668722));
#5479=CARTESIAN_POINT('Origin',(313.2,-116.80096203804,26.008925068283));
#5480=CARTESIAN_POINT('',(313.2,-116.80096203804,26.008925068283));
#5481=CARTESIAN_POINT('',(313.2,-116.80096203804,26.008925068283));
#5482=CARTESIAN_POINT('',(317.2,-116.80096203804,26.008925068283));
#5483=CARTESIAN_POINT('',(317.2,-116.80096203804,26.008925068283));
#5484=CARTESIAN_POINT('',(313.2,-116.80096203804,26.008925068283));
#5485=CARTESIAN_POINT('Origin',(313.2,26.7990379619599,26.008925068283));
#5486=CARTESIAN_POINT('',(313.2,26.7990379619599,26.008925068283));
#5487=CARTESIAN_POINT('',(313.2,26.7990379619599,26.008925068283));
#5488=CARTESIAN_POINT('',(317.2,26.7990379619599,26.008925068283));
#5489=CARTESIAN_POINT('',(317.2,26.7990379619599,26.008925068283));
#5490=CARTESIAN_POINT('',(313.2,26.7990379619599,26.008925068283));
#5491=CARTESIAN_POINT('Origin',(313.2,26.7990379619599,24.0051635668722));
#5492=CARTESIAN_POINT('',(313.2,26.7990379619599,24.0051635668722));
#5493=CARTESIAN_POINT('',(317.2,26.7990379619599,24.0051635668722));
#5494=CARTESIAN_POINT('Origin',(317.2,-45.0009620380401,25.0070443175776));
#5495=CARTESIAN_POINT('Origin',(313.2,-45.0009620380401,25.0070443175776));
#5496=CARTESIAN_POINT('Origin',(606.8,26.7990379619599,23.9939682256386));
#5497=CARTESIAN_POINT('',(606.8,26.7990379619599,23.9939682256386));
#5498=CARTESIAN_POINT('',(606.8,-116.80096203804,23.9939682256386));
#5499=CARTESIAN_POINT('',(606.8,26.7990379619599,23.9939682256386));
#5500=CARTESIAN_POINT('',(602.8,-116.80096203804,23.9939682256386));
#5501=CARTESIAN_POINT('',(606.8,-116.80096203804,23.9939682256386));
#5502=CARTESIAN_POINT('',(602.8,26.7990379619599,23.9939682256386));
#5503=CARTESIAN_POINT('',(602.8,26.7990379619599,23.9939682256386));
#5504=CARTESIAN_POINT('',(606.8,26.7990379619599,23.9939682256386));
#5505=CARTESIAN_POINT('Origin',(606.8,26.7990379619599,26.0089250682831));
#5506=CARTESIAN_POINT('',(606.8,26.7990379619599,26.0089250682831));
#5507=CARTESIAN_POINT('',(606.8,26.7990379619599,26.0089250682831));
#5508=CARTESIAN_POINT('',(602.8,26.7990379619599,26.0089250682831));
#5509=CARTESIAN_POINT('',(602.8,26.7990379619599,26.0089250682831));
#5510=CARTESIAN_POINT('',(606.8,26.7990379619599,26.0089250682831));
#5511=CARTESIAN_POINT('Origin',(606.8,-116.80096203804,26.0089250682831));
#5512=CARTESIAN_POINT('',(606.8,-116.80096203804,26.0089250682831));
#5513=CARTESIAN_POINT('',(606.8,-116.80096203804,26.0089250682831));
#5514=CARTESIAN_POINT('',(602.8,-116.80096203804,26.0089250682831));
#5515=CARTESIAN_POINT('',(602.8,-116.80096203804,26.0089250682831));
#5516=CARTESIAN_POINT('',(606.8,-116.80096203804,26.0089250682831));
#5517=CARTESIAN_POINT('Origin',(606.8,-116.80096203804,23.9939682256386));
#5518=CARTESIAN_POINT('',(606.8,-116.80096203804,23.9939682256386));
#5519=CARTESIAN_POINT('',(602.8,-116.80096203804,23.9939682256386));
#5520=CARTESIAN_POINT('Origin',(602.8,-45.0009620380401,25.0014466469608));
#5521=CARTESIAN_POINT('Origin',(606.8,-45.0009620380401,25.0014466469608));
#5522=CARTESIAN_POINT('',(0.,-0.000962038040142055,0.00892506828303663));
#5523=CARTESIAN_POINT('',(0.,0.,0.));
#5524=CARTESIAN_POINT('',(920.,-0.000962038040142055,0.00892506828303663));
#5525=CARTESIAN_POINT('',(920.,0.,0.));
#5526=CARTESIAN_POINT('',(0.,0.,0.));
#5527=UNCERTAINTY_MEASURE_WITH_UNIT(LENGTH_MEASURE(0.01),#5541,
'DISTANCE_ACCURACY_VALUE',
'Maximum model space distance between geometric entities at asserted c
onnectivities');
#5528=UNCERTAINTY_MEASURE_WITH_UNIT(LENGTH_MEASURE(0.01),#5541,
'DISTANCE_ACCURACY_VALUE',
'Maximum model space distance between geometric entities at asserted c
onnectivities');
#5529=UNCERTAINTY_MEASURE_WITH_UNIT(LENGTH_MEASURE(0.01),#5541,
'DISTANCE_ACCURACY_VALUE',
'Maximum model space distance between geometric entities at asserted c
onnectivities');
#5530=UNCERTAINTY_MEASURE_WITH_UNIT(LENGTH_MEASURE(0.01),#5541,
'DISTANCE_ACCURACY_VALUE',
'Maximum model space distance between geometric entities at asserted c
onnectivities');
#5531=UNCERTAINTY_MEASURE_WITH_UNIT(LENGTH_MEASURE(0.01),#5541,
'DISTANCE_ACCURACY_VALUE',
'Maximum model space distance between geometric entities at asserted c
onnectivities');
#5532=UNCERTAINTY_MEASURE_WITH_UNIT(LENGTH_MEASURE(0.01),#5541,
'DISTANCE_ACCURACY_VALUE',
'Maximum model space distance between geometric entities at asserted c
onnectivities');
#5533=UNCERTAINTY_MEASURE_WITH_UNIT(LENGTH_MEASURE(0.01),#5541,
'DISTANCE_ACCURACY_VALUE',
'Maximum model space distance between geometric entities at asserted c
onnectivities');
#5534=(
GEOMETRIC_REPRESENTATION_CONTEXT(3)
GLOBAL_UNCERTAINTY_ASSIGNED_CONTEXT((#5527))
GLOBAL_UNIT_ASSIGNED_CONTEXT((#5541,#5543,#5544))
REPRESENTATION_CONTEXT('','3D')
);
#5535=(
GEOMETRIC_REPRESENTATION_CONTEXT(3)
GLOBAL_UNCERTAINTY_ASSIGNED_CONTEXT((#5528))
GLOBAL_UNIT_ASSIGNED_CONTEXT((#5541,#5543,#5544))
REPRESENTATION_CONTEXT('','3D')
);
#5536=(
GEOMETRIC_REPRESENTATION_CONTEXT(3)
GLOBAL_UNCERTAINTY_ASSIGNED_CONTEXT((#5529))
GLOBAL_UNIT_ASSIGNED_CONTEXT((#5541,#5543,#5544))
REPRESENTATION_CONTEXT('','3D')
);
#5537=(
GEOMETRIC_REPRESENTATION_CONTEXT(3)
GLOBAL_UNCERTAINTY_ASSIGNED_CONTEXT((#5530))
GLOBAL_UNIT_ASSIGNED_CONTEXT((#5541,#5543,#5544))
REPRESENTATION_CONTEXT('','3D')
);
#5538=(
GEOMETRIC_REPRESENTATION_CONTEXT(3)
GLOBAL_UNCERTAINTY_ASSIGNED_CONTEXT((#5531))
GLOBAL_UNIT_ASSIGNED_CONTEXT((#5541,#5543,#5544))
REPRESENTATION_CONTEXT('','3D')
);
#5539=(
GEOMETRIC_REPRESENTATION_CONTEXT(3)
GLOBAL_UNCERTAINTY_ASSIGNED_CONTEXT((#5532))
GLOBAL_UNIT_ASSIGNED_CONTEXT((#5541,#5543,#5544))
REPRESENTATION_CONTEXT('','3D')
);
#5540=(
GEOMETRIC_REPRESENTATION_CONTEXT(3)
GLOBAL_UNCERTAINTY_ASSIGNED_CONTEXT((#5533))
GLOBAL_UNIT_ASSIGNED_CONTEXT((#5541,#5543,#5544))
REPRESENTATION_CONTEXT('','3D')
);
#5541=(
LENGTH_UNIT()
NAMED_UNIT(*)
SI_UNIT(.MILLI.,.METRE.)
);
#5542=(
LENGTH_UNIT()
NAMED_UNIT(*)
SI_UNIT($,.METRE.)
);
#5543=(
NAMED_UNIT(*)
PLANE_ANGLE_UNIT()
SI_UNIT($,.RADIAN.)
);
#5544=(
NAMED_UNIT(*)
SI_UNIT($,.STERADIAN.)
SOLID_ANGLE_UNIT()
);
#5545=SHAPE_DEFINITION_REPRESENTATION(#5551,#5562);
#5546=SHAPE_DEFINITION_REPRESENTATION(#5552,#5563);
#5547=SHAPE_DEFINITION_REPRESENTATION(#5553,#5564);
#5548=SHAPE_DEFINITION_REPRESENTATION(#5554,#5565);
#5549=SHAPE_DEFINITION_REPRESENTATION(#5555,#5566);
#5550=SHAPE_DEFINITION_REPRESENTATION(#5556,#5567);
#5551=PRODUCT_DEFINITION_SHAPE('',$,#5569);
#5552=PRODUCT_DEFINITION_SHAPE('',$,#5570);
#5553=PRODUCT_DEFINITION_SHAPE('',$,#5571);
#5554=PRODUCT_DEFINITION_SHAPE('',$,#5572);
#5555=PRODUCT_DEFINITION_SHAPE('',$,#5573);
#5556=PRODUCT_DEFINITION_SHAPE('',$,#5574);
#5557=PRODUCT_DEFINITION_SHAPE($,$,#26);
#5558=PRODUCT_DEFINITION_SHAPE($,$,#27);
#5559=PRODUCT_DEFINITION_SHAPE($,$,#28);
#5560=PRODUCT_DEFINITION_SHAPE($,$,#29);
#5561=PRODUCT_DEFINITION_SHAPE($,$,#30);
#5562=SHAPE_REPRESENTATION('',(#3203,#3457,#3458,#3459,#3460,#3461),#5534);
#5563=SHAPE_REPRESENTATION('',(#3204),#5535);
#5564=SHAPE_REPRESENTATION('',(#3278),#5536);
#5565=SHAPE_REPRESENTATION('',(#3318),#5537);
#5566=SHAPE_REPRESENTATION('',(#3392),#5538);
#5567=SHAPE_REPRESENTATION('',(#3432),#5539);
#5568=PRODUCT_DEFINITION_CONTEXT('part definition',#5588,'design');
#5569=PRODUCT_DEFINITION('2026-05-20-15-44-31-420','Clock case',#5575,#5568);
#5570=PRODUCT_DEFINITION('2026-06-01-05-11-44-163','Component1',#5576,#5568);
#5571=PRODUCT_DEFINITION('2026-06-01-05-12-34-540','Component2',#5577,#5568);
#5572=PRODUCT_DEFINITION('2026-06-01-05-11-44-163_1',
'Component1(Mirror)',#5578,#5568);
#5573=PRODUCT_DEFINITION('2026-06-01-05-12-34-540_1',
'Component2(Mirror)',#5579,#5568);
#5574=PRODUCT_DEFINITION('2026-06-02-13-05-42-099','Clock Case',#5580,#5568);
#5575=PRODUCT_DEFINITION_FORMATION('',$,#5590);
#5576=PRODUCT_DEFINITION_FORMATION('',$,#5591);
#5577=PRODUCT_DEFINITION_FORMATION('',$,#5592);
#5578=PRODUCT_DEFINITION_FORMATION('',$,#5593);
#5579=PRODUCT_DEFINITION_FORMATION('',$,#5594);
#5580=PRODUCT_DEFINITION_FORMATION('',$,#5595);
#5581=PRODUCT_RELATED_PRODUCT_CATEGORY('Clock case','Clock case',(#5590));
#5582=PRODUCT_RELATED_PRODUCT_CATEGORY('Component1','Component1',(#5591));
#5583=PRODUCT_RELATED_PRODUCT_CATEGORY('Component2','Component2',(#5592));
#5584=PRODUCT_RELATED_PRODUCT_CATEGORY('Component1(Mirror)',
'Component1(Mirror)',(#5593));
#5585=PRODUCT_RELATED_PRODUCT_CATEGORY('Component2(Mirror)',
'Component2(Mirror)',(#5594));
#5586=PRODUCT_RELATED_PRODUCT_CATEGORY('Clock Case','Clock Case',(#5595));
#5587=APPLICATION_PROTOCOL_DEFINITION('international standard',
'automotive_design',2009,#5588);
#5588=APPLICATION_CONTEXT(
'Core Data for Automotive Mechanical Design Process');
#5589=PRODUCT_CONTEXT('part definition',#5588,'mechanical');
#5590=PRODUCT('2026-05-20-15-44-31-420','Clock case',$,(#5589));
#5591=PRODUCT('2026-06-01-05-11-44-163','Component1',$,(#5589));
#5592=PRODUCT('2026-06-01-05-12-34-540','Component2',$,(#5589));
#5593=PRODUCT('2026-06-01-05-11-44-163_1','Component1(Mirror)',$,(#5589));
#5594=PRODUCT('2026-06-01-05-12-34-540_1','Component2(Mirror)',$,(#5589));
#5595=PRODUCT('2026-06-02-13-05-42-099','Clock Case',$,(#5589));
#5596=PRESENTATION_STYLE_ASSIGNMENT((#5597));
#5597=SURFACE_STYLE_USAGE(.BOTH.,#5598);
#5598=SURFACE_SIDE_STYLE('',(#5599));
#5599=SURFACE_STYLE_FILL_AREA(#5600);
#5600=FILL_AREA_STYLE('Steel - Satin',(#5601));
#5601=FILL_AREA_STYLE_COLOUR('Steel - Satin',#5602);
#5602=COLOUR_RGB('Steel - Satin',0.627450980392157,0.627450980392157,0.627450980392157);
ENDSEC;
END-ISO-10303-21;
